energy,state,E0,t,tdiag,J,J_diag,U,V,Vdiag,hop_hop,hop_hop2,hop_hop3,hop_hop4,hop_hop5,hop_hopdiag,hop_hopdiag2,hopdiag_hopdiag,hopdiag_hopdiag2,ni_hop,ni_hop2,ni_hop3,ni_hopdiag
-2.000154218561538,0,3.8970010813968066,0.2896299910734312,-0.0006187150804427164,1.26171592380366,-3.161719959857213,0.0016522133575164978,4.428445198416624,3.163345692490309,0.0016474408463789387,-0.0044518853240957165,0.0032517694630414514,0.001595093164352147,0.00900321054826157,-0.5815541549078255,-8.218823058044067e-05,-1.1715426257077996e-06,-0.004242698994092771,0.27395170426898113,0.8509413976221563,-0.0043889187172118024,0.003239175034113419
-1.999980293971818,1,3.897248288896124,0.1850945168644504,-0.0005331063893499386,-0.0038144778070813377,-3.7949608263864834,0.0011102425840830783,3.7972433937741514,3.796050934228873,0.0011044514120283305,0.014004181718670398,0.0021803830639373026,0.0010694388131491967,0.000252067792254513,-0.3607841393869382,-0.0001214038253036863,-3.186989179962327e-06,-0.0021518095330994884,0.1834991871246882,0.5411608979493853,-0.003236577174993815,0.002171714049284753
-1.9998048266523771,2,3.8974896986733745,0.07893446781020323,0.011518189460167572,-3.7961772246184564,1.8966367887580464,0.000555170478691605,5.695541301721037,1.8993479396123074,0.0005483577509874812,-0.021767926572161773,-0.00193677663555842,0.003797318205410759,0.0036973932800437085,-0.20606810950598337,0.00020702230563571743,3.8105542973599857e-06,-0.004190371355878656,0.09168924231219855,0.24349086874659523,0.035423983923652286,0.009775800260860988
-1.999804548655378,3,3.8974904459625175,0.07890676794071727,0.005558734148572544,-3.7975010379908474,-0.0010884383984347723,0.0005532734654873226,5.695544052154855,1.8993503313600515,0.0005490885751381335,-0.011276552488572213,-0.00042892598124403175,-0.0008134624943831755,-0.0013495737445515768,-0.17889553248816426,8.976732015742258e-05,1.714366590927772e-06,0.0018883059309874153,0.09153131604659343,0.24352611447802036,0.016648415692365377,0.005446246426219236
-1.9998045017036652,4,3.8974906216434695,0.0788831962490392,0.005557830869352969,-3.7975014799967655,-0.001087897395546638,0.0005529943472076716,5.69554515256829,1.8993502524877541,0.0005488115180180494,-0.011274240282462034,-0.0004290812813924362,-0.0008131149054853406,-0.0013488078299789164,-0.17884893042651107,8.984227698754553e-05,1.7157415632868672e-06,0.0018874906028826638,0.09150814056419168,0.24345701601635122,0.016644954064131624,0.005445663321136249
-1.9996291508380002,5,3.897736022902161,-0.02656671424512936,-0.00035414661889372577,-5.064336588653378,-2.532066512870276,5.444732433423737e-12,5.064336588661149,2.5320665128713036,-5.111839113904639e-14,0.0010788039015087823,2.9985997639251563e-13,-9.53295536501464e-14,2.5960110692611654e-05,0.06903344120629475,-4.957647885410503e-13,-1.3644674512643475e-12,-2.5960111318811837e-05,1.0144661898120862e-12,-0.06903344120589967,-0.0010788039011685076,2.906342569853165e-13
-1.658929766557964,6,3.811202024871421,1.8355784813042026,-0.11758529521256483,-2.892166953166525,-1.7352008171259072,0.8877091965989445,3.8904514836929005,2.5040598191245897,0.7694635681779491,1.8004204841469167,1.4749904032362435,0.7065435430409488,1.1082903789755107,-3.7374789682705547,0.004601987111299969,-0.11484697698900473,-1.6027343312848554,1.6730341259344552,5.44214144491949,-1.8056896365243964,1.4828571840471851
-1.6562255628217215,7,3.817460740657644,0.8085478561804729,1.5427341628037663,-2.8527058276862647,-1.7767075445427212,0.8912105953182826,3.82003532585595,2.5901851470803723,-0.31082909805929004,-3.0656423427859245,-0.007127095709348,0.2748611108435425,-0.7331354896103065,-0.8689556216606696,0.5023180960078542,0.07351440220247693,1.4704544689149213,1.3705332306116236,1.7319594794740536,4.5168935958293925,1.4620646699963493
-1.6562243666726066,8,3.8174570201767315,0.8084867433635223,1.5430152322346322,-2.852700940214223,-1.7767110075467238,0.8912105919585837,3.8200290912362305,2.5901800480074604,-0.3104761564486086,-3.0662114728177383,-0.007119783931404344,0.2745446109716631,-0.7331372872249772,-0.8686237921104183,0.5025067421380935,0.07351480730097198,1.4704549913053895,1.3706353337508785,1.731619175100056,4.5177402668553786,1.4623311257555698
-1.6556911861061236,9,3.8405683778004596,2.0032835678610863,0.17711760132239251,-1.33333018670392,-1.4042660998248389,0.9151501226620786,3.978991668686251,2.4977638871185324,-0.7859436417147869,1.248318734418102,1.583712135529352,-0.6878244811514292,2.5661818713885696,-3.5557189342383664,0.009932317599170931,0.13395650544919716,-2.08127999530478,1.963081826319757,5.823751103939017,1.8752256038670216,-1.4161627627835052
-1.654153597358959,10,3.8105611149869594,1.0587314019413074,1.0678916612680802,-0.9933275159316962,-1.6835330618852784,0.8875811364224462,3.7597465822419505,2.6278325658141215,0.6497789746200815,-1.8667418739063915,0.02000198368494148,-0.5750404418372779,-2.228874792790526,-1.426987117825107,0.30867809316377515,-0.050737206607075945,1.496226091983559,0.6818004828223877,3.0384256613370653,3.0966998085433133,1.019141739368755
-1.6541523441785226,11,3.810569813300937,1.0585143738830096,1.0689590736178327,-0.9932825448437257,-1.6835968924420919,0.8875882991722992,3.7597344498524854,2.62786971047623,0.6493648343253899,-1.868736655159231,0.019994717346908768,-0.5746695273518977,-2.2289104529116397,-1.4263101255614066,0.30897061505012424,-0.05073022181228635,1.496263685813065,0.6813527932143325,3.038095068343928,3.0998565053523324,1.0201582412806456
-1.6529627412064338,12,3.818500846938072,-0.14675815730244848,-0.11890934896875449,-2.80260943731078,-1.8290412325998016,0.8903477934492152,3.7289284891330934,2.6866684495967026,-0.863330560218713,1.8645146355314326,-1.6450099966912544,-0.7840839486168758,0.6783406367020443,1.089021616865463,-0.8364094920819809,-0.02537541817671531,-1.5071362589559918,0.8380416190975111,-1.1657119116238264,-1.940384707550427,1.64028833099143
-1.651999100329635,13,3.8138433589961123,-0.059983142214503765,-0.1212617501993084,-0.8343475302814012,-1.853464466709854,0.8866682998915316,3.66623648302423,2.7342044911549594,-0.8849071499493016,-1.5395971234455703,-1.6876536053086564,-0.8048798810701763,2.369837497115297,0.08696488835975469,-0.036889659473800324,-8.272196098210994e-05,-1.5962465174160787,0.04129702682853661,-0.2193745676809255,-1.9990700671404138,1.6852700054692025
-1.6518104819934554,14,3.798184470570029,0.2125898167448047,-0.12536917794021787,-0.8138662972045332,-1.844071172680421,0.8764314766349791,3.6440622431293623,2.7153295979469463,0.8738500287176684,-1.5454324474354149,1.6698246722474377,0.7977668185867638,2.3669079359423764,-0.6427051319153423,0.03860713507120979,-0.0008489079584213323,-1.5867032490043549,0.0973573549086523,0.9172551203298035,-1.98084103737414,1.6723326159734717
-1.6497704296295017,15,3.83407696834898,0.1723508989355891,-0.9552891488649202,-1.05463319131065,-1.6714835269026167,0.9073112690672189,3.801731197911948,2.6580656221868333,-0.7152924302232431,1.8096490141957586,-0.01062849575171005,0.6364850863195726,-2.3209271871954766,-1.123660723612645,-0.7616093066894749,-0.043990715896040894,1.534187117251389,0.9894576997681728,-0.1810067888856608,-2.8394561880175084,-0.913856455676802
-1.649767847541854,16,3.834079672730672,0.17210581204730918,-0.9543574188094146,-1.054566032103133,-1.6715561736414322,0.9073160089313854,3.801698542021614,2.658105412955779,-0.715630702749846,1.8079055634634946,-0.010633100672055798,0.6367877449919782,-2.3209757458697577,-1.1231260964244085,-0.7615574306202644,-0.04397615347612778,1.5342290797179938,0.9891907343063229,-0.18172202051997527,-2.836705563445659,-0.9129664044401642
-1.6484306265500333,17,3.8340730035022053,0.2907855000509054,0.11727398958218535,-1.0448783207204206,-1.682778744915389,0.911847449005605,3.783485128892343,2.676664193665865,0.8673326192119694,1.4716909562568574,-1.6341692947878417,0.782688896309036,2.2169717903456223,-1.644178139016745,0.9363934511275862,0.03490640258210638,-1.3566218357431274,1.2707567216864613,0.035173413272802406,1.972149210176888,-1.6520867033285063
-1.647126177339443,18,3.836167676577375,-0.03459988096422002,0.12714251130869064,-2.787015395465635,-1.7978378555322547,0.9095036145914002,3.7176255643540603,2.7487763596504458,-0.9075979704252904,-1.944029763047856,1.7078253270429884,-0.8065038831822482,0.8060989146667819,-0.19724629103160995,0.0006016607755941489,0.0003649926173677975,-1.6173107659929706,0.02206684647001872,-0.07371466888092694,2.047238781327894,-1.715277417549258
-1.6468204136717544,19,3.8298791403611547,0.22686193449379433,-1.6267794092280448,-2.7843358011434356,-1.7861185186465407,0.9055077219180218,3.7186609813924516,2.730051421864259,0.3551734832150467,3.254883037880605,0.006223732898167852,-0.31959443510238916,-0.7964480122335696,-0.7209154776884291,-0.1917530702283516,0.00516140194593505,1.599551517127033,-0.02778052166322323,0.9011398470600966,-4.834264079080665,-1.556075656419551
-1.646818367483106,20,3.829879602079173,0.22653782373864936,-1.6266028077172208,-2.7843208261087637,-1.7861396117715405,0.9055069408227,3.718627900962598,2.730086245136466,0.3554268207283849,3.2545126996663254,0.006222572437575723,-0.3198208075453566,-0.7964677676296329,-0.7198787335981873,-0.1913995781806498,0.0051434718736153885,1.5995869449167124,-0.027725459220991813,0.8998481743047735,-4.833716103577291,-1.555907596315685
-1.6466900853194832,21,3.8305903517871416,0.14269934335223328,0.1331821393973528,-2.7799121241434674,-1.7825485918575121,0.9069427650827572,3.711192733301502,2.737069322707251,0.9045281579431299,-1.9432353769542374,-1.6997923266390234,0.8019955352127636,0.7992175315617472,-0.07547391208833248,0.02954283063778953,-0.0001527029091793377,-1.606571665625276,0.10556535269366965,0.25160191141379507,2.0498551039652564,-1.7073891325366874
-1.6041763254056145,22,3.8405386685684855,0.12022390925553722,-0.017385476074355546,-3.617751059285157,-0.9786593078519985,0.9169201238438461,5.471703178330442,1.0055884927630983,-0.023012242674947156,-0.04307936101503722,-0.04405501914680897,-0.02108535124024446,-3.1627913359926048,-0.9995619503672651,0.7529448349662111,-0.886500531784415,1.553731185374172,-0.7321802935657803,1.05039720619226,-0.08547453064016058,0.05081160337464011
-1.6036256334538754,23,3.846807053737292,0.13210611232011527,0.05228711487453146,-3.5727093243286836,0.822287730867258,0.9234888508945766,5.4705338657027225,1.0250394447009143,0.04111090282100566,-0.017909385570756133,-0.0781045083671652,0.045133838687947514,-3.0768908499668433,0.8063613313738348,-0.9451483072131168,0.8806414596849843,4.705857776442418,-0.902985369019512,1.25684202984935,0.2311342146489998,-0.02950290951133592
-1.6009938971169315,24,3.836199056437995,-0.8429487586546824,0.10356162982728209,-3.5528486028042194,-1.0280511536648382,0.9128507015717913,5.3606760303893,1.1033924382780396,-0.05222681196238453,-0.1507296596812649,0.003895270972104011,0.04991914463959771,-0.07834259759844187,1.436123432008861,-0.25342702242921705,0.8329090593086035,0.13526295473935054,-1.1161696351388732,-2.3111484366143946,0.32501352472749234,0.08765824043024564
-1.600992716330185,25,3.836198103324129,-0.8432201613528705,0.10352833692948274,-3.552824804790239,-1.0280695385578196,0.9128494682545509,5.360631536970022,1.1034348968757266,-0.05227185538551482,-0.15068545665005062,0.0038934824845551852,0.049957615264542975,-0.07835611471364645,1.4368711811924737,-0.25319929173187516,0.8328859017139663,0.1353014464758128,-1.1161575712913083,-2.3121574967839464,0.3249368832810524,0.08762216892201391
-1.6000314864424479,26,3.844599539699015,-0.8864483151550682,-0.1425762782480604,-3.3924194229740543,0.6461807251296965,0.9216683608812899,5.352523028005553,1.1364037091471038,0.05883563961073136,0.2005463057829391,-0.007355338308312895,-0.05443810844633999,-0.25972849446293933,2.224257416830488,0.430800185963941,-0.8205392745035001,0.18047421555870966,-1.3531433717309125,-2.2446544524265377,-0.38742810168166375,-0.13959319242551776
-1.6000306363098729,27,3.8445980273148375,-0.8866462017803276,-0.1425754942869807,-3.3923761467139633,0.6461408685985085,0.9216663468487514,5.352494078395695,1.1364287316624715,0.058877068089185636,0.20053430351839518,-0.007363020599979403,-0.054473549044354586,-0.2597559796986295,2.2243963708655405,0.430619643764602,-0.8205256101758556,0.1804836758311264,-1.3531138280666122,-2.2454221450545933,-0.3874153580165758,-0.1395898057675956
-1.5982487343992278,28,3.8293717028002434,-1.513350399509148,-0.025357964667541227,-3.503340356754242,-1.0636433406653325,0.9068529733813772,5.2792162991038,1.1667786944281509,0.10392561614961845,-0.04944503393486609,0.1920599258329675,0.08886810651605162,2.9834180919285465,3.045902015042576,-0.05110584916611781,-0.7967641025492346,-1.6281881945417407,-1.447940451311085,-4.518161563900625,-0.22299247913421935,0.18261165754128345
-1.5969715471746617,29,3.845250274166248,-1.703595792787301,-0.024567744343904463,-3.2806350465467387,0.5325487846017074,0.9225533068810852,5.27908324591627,1.211401790528379,-0.12294520575673565,0.26488009153476844,0.10110636150235663,-0.1345768381403387,3.193328312770595,3.3055003485176018,0.039715917934768946,0.7817695879540858,-4.518702164230178,-1.628708439022605,-5.115688083711116,0.2214479777789663,-0.28239149684794473
-1.5300561505825587,30,2.948807472155706,0.8992114444753945,-0.21214673174874463,-2.5344030101757804,-1.330084554147774,3.6261090719291526e-12,2.5344030102488357,1.33008455416127,-2.2562931177987125e-13,0.566152850075351,-1.8658026696739556e-12,-1.9073990261330145e-13,0.001965502769934714,-2.351511650574812,1.115335490430054e-12,-1.149246639589804e-13,-0.0019655027698022368,-4.61886954177338e-12,2.3515116505754055,-0.5661528500835867,7.459440150217116e-13
-1.5280326811051388,31,2.955755996123041,0.5116840199524664,-0.09922599723255282,0.03265884332382685,-1.3414116843439396,0.006233497581424018,2.569758066261278,1.3448990004986714,0.00034982542836548176,-0.05288923313949091,0.0019968155867656602,0.0015996217119595521,0.012709159545308032,-1.3114895726582132,0.018041137284147732,-0.0050114038828497146,-0.008009919254126474,0.10020155835385186,1.5240971296766272,-0.25011716168620657,0.0036442671684782076
-1.5278811377430646,32,2.9518400189570295,0.08528640164232769,0.17837506164700495,-2.601208372835937,-1.2712530492163432,2.586501768796845e-12,2.6012083728405644,1.271253049217416,1.1075594206573457e-13,-0.46529664876010807,2.078057858022963e-13,-1.0026418443328383e-13,-0.0060497551592289135,-0.2077132002078151,3.999838235708511e-13,9.240509121686036e-15,0.006049755158925543,6.138670720272883e-13,0.20771320020715878,0.46529664876019905,2.745631333112654e-13
-1.5278805793621208,33,2.9518405908776217,0.08507034900279858,0.17839682677567723,-2.6012092034382395,-1.2712537215872053,2.6305987386376987e-12,2.601209203444695,1.2712537215893454,3.4813292657082574e-14,-0.46535095631925605,-1.6764493969895212e-13,2.390716747832644e-13,-0.006048858239736017,-0.2071449559309227,-1.008861219357621e-13,-2.7580854225286164e-13,0.0060488582392915925,-1.3038383051207053e-12,0.2071449559302581,0.46535095632092704,-5.415377728559888e-13
-1.5278381831070236,34,2.9565455951362054,0.5573925207465796,0.03372864354830623,-0.22627933219549173,-1.0763472760524473,0.007140429520284481,2.617088882266516,1.2731077863749272,0.0015017873093829872,0.19118996626965284,0.006668631826195281,0.008079477071182953,0.013505108364450572,-0.49952830183857533,-0.020161529179388182,0.00486711100406969,-0.002920265177746917,0.10691203864975764,1.2929838526583182,0.04917671676282044,-0.04054894787061371
-1.5278379926237353,35,2.956547001476674,0.5573484528630133,0.033697443722473845,-0.2263122650576529,-1.0763275031869788,0.007141512912124899,2.6170981539352134,1.273101467649282,0.0015014945220623928,0.19122991092403674,0.006669507738630452,0.00807813059478204,0.013487913382867417,-0.4992883578198004,-0.020166867542531622,0.004868125624795555,-0.0029129028694893245,0.10689950283776145,1.2927882916703641,0.049086476698364044,-0.040554037832625595
-1.5266310458168253,36,2.9571419127342953,0.0038916687062595613,-0.06699472489516844,-0.26664950422300454,-1.238177223628096,0.005582628651165213,2.671672292073173,1.2400736346875814,0.0007265379200184037,0.031079597015335855,0.002068597458096382,0.0013303115354623954,-0.007626749379414852,0.589497345420199,0.009654268657579323,-0.004750190440711828,-0.007837102881316203,0.10689303305335998,-0.4239564011934932,-0.1664225156108548,0.0023902715707889146
-1.5257063057289317,37,2.9549818039938036,-0.695249939268556,-0.1221479691112923,-2.6700496806522236,-1.3391958016115364,2.4230555313709784e-12,2.67004968065852,1.3391958016162337,-9.686036567559248e-15,0.3215771475160827,-8.475299279093918e-13,-1.8592787020766185e-13,0.008059070106070088,1.732281468398519,-9.565253945625605e-14,-4.033250201798458e-13,-0.00805907010702048,4.283563058061131e-14,-1.732281468399945,-0.3215771475161414,9.42999133392055e-13
-1.523065185167589,38,2.962412449359608,0.7148274141643179,0.06000301475648753,-1.8304634222128355,0.9005184570569983,0.014874410237231359,2.850780977273085,1.0374560886680673,-0.012223848378368787,-0.056476447519123896,0.06247809036455154,-0.03595175703821646,0.05335407688452104,0.1810356890022985,-0.0052710005219885545,0.0019319958884901726,-0.05031960519137994,0.08080608483034911,1.6469492182111285,0.21271162542625957,-0.041427580822508206
-1.522293423976173,39,2.971618458998698,0.25450297356590235,0.16201466867388364,-1.9339084660270882,0.8468284148961831,0.02094188538635646,2.913691774933481,1.0026320731901874,0.0207335615096372,-0.35103472973055716,-0.05558061759202437,0.019258466764828702,0.0233028986433354,0.8284828201127493,0.0014388513535464435,1.3503790221985044e-05,-0.049632369849072606,-0.039249071730441995,0.35903700108067893,0.4888248347715246,-0.028818021114012073
-1.5214664994446039,40,2.9689817814767663,0.1526882060281411,-0.08502172116845945,-1.8705039944636688,0.8472629850927093,0.01840222049784377,2.929448376166139,0.9989629232096433,0.006325026595331117,0.1342395951804842,-0.002813869819999132,-0.006753913201081481,-0.06440692808278589,0.05714582956276753,-0.00662512179333518,-0.0015649688833173458,0.058725741936951285,0.019947278090438232,0.3464290991092204,-0.24722412227729246,-0.029087012207211018
-1.5214664278086178,41,2.968982983535503,0.15270295108257742,-0.08495406979777936,-1.8705017027649038,0.84726087879396,0.01840308077759406,2.9294506355415653,0.9989635955651008,0.006325118396002994,0.13411508031501773,-0.0028125161202229706,-0.006753170524096118,-0.06440542022438847,0.057121159078432106,-0.006624959441785163,-0.0015660474025766932,0.05872366719644377,0.01995624520984705,0.34646800017521007,-0.24703278730718495,-0.029083094312956796
-1.5213143862774976,42,2.9660885943270046,-0.0714400008662526,0.09573873395306416,-1.9962627475955768,0.8520088422866584,0.01543471205085413,2.9452592102473707,0.9981057315082265,-0.014711566475050532,-0.22290299577869527,0.04007531034375844,-0.00621877871908229,0.05247417967217406,-0.7108711310742597,0.003901361538949364,2.678586315517703e-05,-0.07775808989509958,0.04886247401319306,0.012585975941306726,0.32795403013049873,-0.048684869565563726
-1.5212554663315003,43,2.9692786323076374,-0.23449962449274064,-0.14830537403618874,-1.8377571482562867,0.6439428406444645,0.017329064255116624,2.9301402236261467,1.0736444796128999,0.00011540532161436127,0.2934438612449609,-0.0037885836673985773,-0.007856908346445384,-0.04019590648896096,0.4044166835824293,0.004205893998891989,0.00038514939177050975,0.06316572396488582,0.009089803855369288,-0.6954643757264919,-0.431930738704103,-0.047790493686455784
-1.5212550034202896,44,2.9692797015298398,-0.23459337790791465,-0.14832244694540145,-1.837724072963582,0.6439268791786281,0.01732934734510324,2.9301171585928687,1.0736611351537546,0.00011400818550956303,0.2934868761741731,-0.003797718279539934,-0.007839711680587197,-0.04017979370481024,0.4041694281476659,0.004209119448743087,0.00038535864003693717,0.06314801226389036,0.009084999308196805,-0.6956429935038155,-0.4319860053289757,-0.0477939939706023
-1.5198205351512921,45,2.974165744344615,-0.5144038635175974,-0.020475489071026712,-1.9561054326469702,0.9214024404404941,0.020389911963587463,3.017172717874162,1.0460625045707834,0.017926565825153118,0.10336587542005582,-0.06716463784867384,0.020162002468248747,0.056233507502500085,-0.17635254898279165,0.024298254840205428,0.0018342032037868266,-0.04976512943874417,-0.0034587448440539376,-1.3502961935344613,-0.049069589749126924,-0.09735233622701867
-1.5104023736679195,46,2.9830214530500663,0.39850645288923287,-0.01580138055405631,0.5014033235839659,-1.5987586119291972,0.03789175230021005,2.287875951076522,1.6914670703029784,-0.03595782214932947,0.009391217292650376,-0.048635075570826886,-0.014908082420794451,0.1169032035347892,0.10229211816944464,-0.0035318104030246785,-5.669459202585478e-05,-0.0675625584762582,0.13962975673689923,0.7712525381710212,-0.1274084580435308,0.07135275243974137
-1.5095734223776958,47,2.9919808468449336,0.02506720907667859,0.09218225853036116,0.5035545932516718,-1.5306350289516448,0.04368210416597332,2.3628311860240974,1.62254441201017,0.0032599832804721587,-0.17628853121750543,-0.0007891847163909421,-0.0025516035240168112,-0.13574872441367491,-0.15037646783497638,-0.0009404888409515575,-9.981577028691222e-05,0.0684867404168692,0.0250805473758861,0.04938993440038455,0.2902005360472685,0.07038440264974519
-1.5095724587914587,48,2.9919844919992054,0.024935967585911864,0.09216508215306912,0.5035749743874722,-1.5306571826642055,0.04368324333152393,2.3628300902582335,1.6225547144477497,0.0032702694381354412,-0.17628733625905363,-0.000792977200267757,-0.002558688381676261,-0.13576776634806625,-0.14981898999796298,-0.0009319366177689913,-9.956805748694888e-05,0.06848972164864761,0.02506511084377578,0.048953385556489336,0.29015993422641695,0.0703834812079697
-1.5095071085844476,49,2.993357244887277,-0.06617617135698312,0.10822020722808207,-1.9309555005963634,-1.522339501221541,0.043849687516798026,2.3648612429832676,1.6414065616704445,0.00795476644270468,-0.2423180601987502,-0.0022908696396374897,-0.007067726004861179,-0.02707903169470931,-0.13425293625396256,-0.01060295373292453,0.00022865563962255888,0.06871208605766488,-0.12164866645963839,-0.10335409579809485,0.33978109338298573,0.07917084088918128
-1.5095057676704464,50,2.993361700815483,-0.06647769441681334,0.10819196991514343,-1.9310197064934274,-1.5223119209835438,0.043850297173993164,2.364893435543275,1.6413917272259397,0.00796476284639348,-0.24226222520917082,-0.0022936519179071924,-0.007073803864431855,-0.027076674378186914,-0.13346221606653474,-0.010598333296462066,0.0002283782872049316,0.06871004942156553,-0.12165372698592941,-0.10418031318267773,0.33971232465088763,0.07916050335091161
-1.5093894351520392,51,3.0037307085487885,-0.1671041862599589,-0.05765331597684208,-1.710991659460833,-1.6795425804102289,0.05213504931724495,2.346203947914722,1.7671191934057802,0.05096649186789601,0.278297621418153,0.08176330346667685,0.03291377138446522,0.03253821767275515,0.25356380684381696,-0.0012554687304174258,-0.0009732436186548846,-0.0772130763826489,-0.2632961353075609,-0.7586305554075491,-0.23608663741107233,0.08230014527616084
-1.5093007746240092,52,2.984596480879781,-0.08135582046961498,-0.022076104173722653,-2.1017749702380186,-1.5517389815644977,0.0370357119375355,2.370097153119499,1.6290587342675211,-0.03674137836757149,0.12048592168571899,-0.05781558758638347,-0.022987935373516226,0.025679063405343726,0.40136515685290686,0.0042133706309071955,-1.3291120249800931e-05,-0.059273560071054374,0.005136612047222846,-0.20145073063175978,-0.1302043528163755,0.06374286088025219
-1.5089225616823863,53,3.0020520597301874,-0.2342261936472727,-0.03388378356834884,0.5534437677872086,-1.650143264979262,0.05053994477605969,2.4207807236617467,1.72448616326628,0.05025165079023099,-0.08246497026075891,0.07729030605413204,0.029144427092772512,0.14080593018856136,0.35184078531298363,-0.0021104954316084543,-0.0001088604925612665,-0.06703912811060894,-0.11667822081792337,-1.098434161675959,-0.16025517933187441,0.07869215432106633
-1.4137814371178916,54,2.93956848355171,0.1159904182333915,0.5154164779250257,-2.555345182245195,-1.285245117703945,1.2586748790412578e-10,2.5553451928572226,1.2852451196698174,2.958164760933469e-11,-1.3749320454725495,7.820702274741014e-11,6.883608975016798e-11,0.017046190544116175,-0.3086061521197395,-2.3883071755012e-10,-4.417499964815605e-12,-0.0170461905420852,2.9981242594842396e-10,0.3086061521496559,1.3749320443874895,1.5986170170883192e-10
-1.4114074797672271,55,2.938298528525227,0.0733500236674525,0.08905138322214137,-0.9025807061579438,-0.46389626770721654,0.00075137066259806,2.5790014891880095,1.2567984363777005,0.0002790281913501349,-0.4638390268934873,0.0035607188718700263,0.001583616742581906,-0.01489075956850213,0.28679870274465435,-0.007696417604019817,-4.585641906678623e-05,0.014441230961678844,0.07903788419750568,0.031653313752379,0.2690231996596215,0.007428374922624727
-1.4114021940042585,56,2.938297353084305,0.07176850766871251,0.08855505532306582,-0.9079467106841628,-0.46205045683448676,0.0007520807549469841,2.580666246815019,1.255091306558533,0.0002763036531400003,-0.4631744258092766,0.003433532045983889,0.0015408010868545124,-0.014726214693093858,0.284285022677055,-0.007743035760065716,-4.49727149316181e-05,0.014324603205952571,0.0787832346616272,0.028776869986297558,0.26744440051562296,0.007406425380188186
-1.4113905043861086,57,2.9399148466684273,0.19963399257230097,-0.27685728365370366,-2.5558982057628015,-1.2855131742102235,1.6240447745183252e-10,2.5558982189980597,1.2855131787710747,4.278529889403406e-11,0.7366619396032115,-9.783457390092788e-11,1.772163508265991e-11,0.019649322876231348,-0.5355997446833615,-1.164911070957408e-10,-4.88009777942949e-12,-0.019649322774656374,2.6419700668986007e-10,0.5355997463353979,-0.7366619410317434,-1.6078274506502784e-10
-1.4103978325698299,58,2.937411066301892,-0.13605499350074,-0.4310925704346562,-1.2131553537655368,0.26862524819152245,0.0005099328045015542,2.694010009815692,1.136898750491536,2.1372775852473926e-05,0.5594929060836147,-0.0112520608656837,-0.0314895646284572,0.007654185064981221,0.15816694968384662,-0.02064794653491821,-0.00015813980496831977,0.004939756784724231,0.05594184767032372,-0.4527087575235501,-1.198804628814758,0.0006398383222252929
-1.4100935817984845,59,2.93767964538503,-0.018758484548464266,0.47053239036336103,0.08177054378724524,-1.0648577307587532,0.0014258083941341222,2.364083161563152,1.4750078759703475,0.0007154955623788336,0.08820924610103686,-0.009906088883245467,-0.006919798559136149,-0.012646603331039931,-0.10063994665175492,0.024373689665407615,0.0001471585954156191,0.005445636950366426,0.15846792555855016,-0.22495724805067863,1.1445209890896164,0.0019157030295590706
-1.4092415507115514,60,2.9387616103818592,0.3456138788492748,0.3871047933016472,-1.862016356612456,0.46362692114366844,0.00042839349587469016,2.738204639368935,1.096095770636744,0.00038601547142589417,-0.6963624000789796,0.016773954006250702,0.016501340389081152,0.0021166922560367806,-0.22027177398302805,0.006499421944548988,2.8686377827858623e-05,-0.0011603303768435692,0.05698027071120038,0.9538971156084387,1.0328065281757657,0.007554865343682881
-1.4089006009065066,61,2.9395189963190056,0.3611705984114642,0.26666875691791836,-2.559320894824819,-1.2810393401854008,6.558810994584995e-11,2.5593208949819632,1.2810393402289515,2.0107067934431297e-12,-0.6884133762710569,4.8611441485626166e-12,-5.36779008828564e-12,-0.01666811205051994,-0.954323539054768,-2.6619850487522257e-11,-6.263591754384554e-12,0.01666811205025647,8.216322044047563e-12,0.9543235389863222,0.6884133762763717,9.783316083582987e-12
-1.4088888014233507,62,2.9395169174042994,0.3549651075917084,0.27032204453299374,-2.5593329355744654,-1.2810220699709287,6.905010413110666e-11,2.5593329357251555,1.2810220701161317,-1.1970307465069572e-13,-0.6979461934349701,-3.0297430450909255e-12,7.012216436848295e-12,-0.01662608517201886,-0.9380099049139254,-2.655025337547558e-11,-5.940362777742398e-13,0.0166260851777868,3.917708015071343e-12,0.9380099048075943,0.6979461934237499,3.019430202277765e-14
-1.4085533436318822,63,2.9387372857784757,0.17257509525113365,-0.20106227974871443,-1.5857558180548612,0.04101889336741893,0.0012860974927889125,2.746476609520689,1.0873364204170617,0.0002444994649269944,0.6044194653892376,0.004949963604142151,-0.0007165195325182754,0.0061697477223345756,-0.24174094031677518,-0.00466739340087206,0.0007944265790547483,0.005736822083836593,0.050778521659949234,0.47071085707515603,-0.6110523673754605,0.007889338442769567
-1.4085525172460482,64,2.9387354199853877,0.17254864938978892,-0.2009551644141611,-1.585801120867969,0.04069721573876063,0.001286871067690546,2.746561341310284,1.0872434925665857,0.0002444055185489144,0.6043470385249752,0.004943491714893204,-0.0007205341541640873,0.006188581418801244,-0.24200876428039578,-0.004673813860311251,0.0007948688644224233,0.005725980686793046,0.05078442361244329,0.47070441374434413,-0.6108147065983638,0.007895205509332622
-1.4071341753744868,65,2.9370337718953676,-0.2807536233412874,-0.4247291868630224,-0.36448043341151304,-0.7408840111419449,0.000941773554449656,2.3557551934824272,1.4816686484102373,0.00026254903366120755,0.3275009528995701,-0.012074255865409557,-0.021748165157431883,-0.014051646385831972,0.2831633280094623,-0.010267782241499006,-0.0005091449691128082,0.002975691537867562,0.06831913533658919,-0.9026105873076413,-1.0794449688826253,-0.0025853174221624
-1.407008543380092,66,2.9369071674076253,0.32910480154797656,-0.4911905845114335,-1.7866826605500774,0.19582811010730466,0.0005564390062665172,2.657669429626674,1.171789671719801,0.0003075527685654485,0.9347840410466465,0.01630630941188262,0.03247681628973344,0.011876013142208994,-0.22990583656135077,-0.0036046707794959885,-0.00023509397695836275,-0.014896745284060715,0.026507074204227425,0.9579555084434077,-1.3964384277446753,0.0210019017059902
-1.4067580392007775,67,2.935994727066812,0.0517155787887882,0.3814134644428804,-1.1099905680202102,0.1714360008343665,0.0009363341568909755,2.6675473353461863,1.1581679039509893,0.0004734652835137001,-0.5456714138530623,-0.0011242292316557042,0.009737554032772072,-0.01535281002830704,-0.2892107570478113,0.01985920361905765,-0.0001902251218468451,-0.0005737475697978429,0.07690758837664208,0.11090649388782603,1.0786123989723022,0.007384714034218807
-1.4067497343272868,68,2.9359816274311425,0.05188122280697323,0.38240777654297925,-1.1098553868232353,0.17130452627143608,0.0009305235176320955,2.667487220520438,1.1581940302236746,0.0004742614797572651,-0.5468237030981091,-0.0011164950322581583,0.009653882199057578,-0.015358224103095612,-0.28734676701628886,0.019865089137736207,-0.00018438167239877642,-0.0005371073324488764,0.07701218794926859,0.11069252940780178,1.0813657287190972,0.0073889714512454805
-1.4067123979884004,69,2.936124627977537,-0.15492545862005738,-0.4998585057283924,-2.5491273364880698,-1.282350995241607,1.0364626000726105e-10,2.5491273371929717,1.2823509956868953,9.750059527484695e-12,1.300039088866753,1.054321094543124e-11,-2.7950834355361387e-11,-0.01766680745093189,0.38997527181801417,7.742758035441456e-11,-8.43293973499493e-13,0.017666807460036967,3.808056994495249e-11,-0.3899752717207109,-1.30003908861541,4.9108983764543756e-11
-1.406706252822788,70,2.93612230238193,-0.16000452276872576,-0.4962977750984704,-2.5491382109446654,-1.2823341060691642,1.6345691651928085e-10,2.549138211705099,1.2823341065709037,3.4594147043421586e-12,1.2907543306931826,1.2624552159848008e-11,-3.245150762692939e-11,-0.017630692191165594,0.40333492808973426,-1.32853124772415e-11,6.135640400443582e-12,0.017630692245987716,-4.44319872123777e-11,-0.40333492793485354,-1.290754330394313,1.8056133223039168e-10
-1.4063470904478421,71,2.9371022539961977,0.2510747387087843,0.4720782876452244,-1.8735261409036674,0.13564971981517857,0.0004082950282965848,2.8661597881842287,0.9617497108228221,0.00029520313600043385,-0.9043411208106951,0.0031424028667314686,-0.008410754147268544,0.00024280858840367535,-0.22784518339400245,0.014692426204114536,0.00012227362236371387,-0.016655047157063604,0.053611335362057776,0.4932635505956915,1.3712510054882723,0.007864419436191514
-1.4052465651969277,72,2.9349416310365637,0.2314989383428458,0.538996204112343,-0.1228678938438244,-1.2304657486463273,0.0012171597385543119,2.580016550191619,1.2450789288874917,0.0011071913012618364,0.028044993490338455,0.004680438258815908,0.0006788981652969531,0.005950362524290859,-0.11696596077588423,0.03505088355106017,0.00024772832696386506,-0.024580729359658507,0.1619825567341743,0.369167180868185,1.4248975027357955,0.0021789679909419886
-1.4043407999998918,73,2.935806159895372,0.15626959506232252,-0.15969041507377774,-0.2651891990485685,-0.9027292370026752,0.0007374575000786091,2.4202206587536357,1.4122056277049087,0.0004551370214895849,-0.35192030725633366,-0.006972770706176943,-0.002706915027018253,0.011066350017434232,-0.6462680941848857,-0.017474595805761918,-9.81115894741635e-05,0.005952174618577081,0.08892818792876085,0.3886034378142862,-0.35264445836079295,-7.816173515224676e-05
-1.4043278336543115,74,2.935799778741029,0.155849647100748,-0.1594256669279503,-0.26833551894570196,-0.9011303110863432,0.0007343497620025446,2.4209313061159623,1.4114606890270935,0.00045408194786809137,-0.3534530504938944,-0.006965400176076369,-0.0027071879955206215,0.011018541194875893,-0.6450031084019581,-0.017470785386985217,-9.9382081368705e-05,0.0059844213661639665,0.08879700670262192,0.3874443786884861,-0.3517906350987487,-6.96563456687339e-05
-1.404232838261372,75,2.939835672128405,-0.182952485034776,0.3957123953966756,-1.274017698855654,0.3227223727280698,0.005220160198610355,2.71572471475801,1.1229111929921056,-0.000482510638830923,-0.42250859264282226,-0.014912562306066034,-0.002005204512085623,0.03181519017679357,-0.18632215318377976,-0.002247800694583561,0.004045340308871831,-0.015298869701773493,0.047605358346387426,-0.46195485175028683,1.0550460619057214,0.016975611202979485
-1.4036372325484685,76,2.9351479915287166,0.616834408879885,-0.4955842942501228,-1.1336546770827294,0.1932087836104597,0.0004727698041675115,2.6738579804173304,1.151263696609689,0.0002552038762087754,0.694124619455786,0.016433530796305003,0.03896935465267454,0.04384343970211216,-0.6067287943045925,-0.02026642339392564,-0.0001609465394890779,-0.016625977434707805,0.06117034994296522,1.5844067501295447,-1.4158946381387008,0.02028958643011032
-1.4028901857179907,77,2.935703235428182,-0.07452842182947347,0.6116959918686784,-2.550785103400549,-1.2796829890785597,4.1429689147173857e-10,2.5507851333016824,1.2796829957652394,1.3749560719345655e-10,-1.6274008370833193,-5.272362705701139e-10,3.103451929544908e-10,0.020361676122613533,0.17625546035734413,-1.832306081659547e-10,-2.295925280789438e-11,-0.020361676013024535,1.0862186744307595e-09,-0.17625545814204757,1.6274008393834425,-2.2309107482403246e-10
-1.4015432545886723,78,2.9391598312469203,0.35815120895194097,-0.4564602778360457,-1.5151789607056032,-0.3938376760053379,0.004816932126772625,2.84549985241926,0.990605171259221,-4.5381095399775554e-05,0.787478091222318,0.004148330331563839,-0.0021069666498512163,-0.03462377803137368,-0.5130680105278851,0.010886173066655846,-0.004297811650876481,0.0008340924486983786,0.02528564989222736,0.8677696781825837,-1.3462841601310696,-0.0003295362404185983
-1.4013831133503578,79,2.9366014621191905,-0.19737757840623665,-0.41812842001781064,-2.5547978601030557,-1.2809115314655255,1.5480360133481487e-10,2.554797860684414,1.2809115316735664,3.975799209998077e-12,1.1273224808244764,-5.926123757588544e-11,-4.307844969210863e-12,0.012364899790301365,0.5603842778433088,1.1003552582790261e-10,7.028299490401583e-12,-0.012364899782937467,-3.750681839564857e-11,-0.5603842778765891,-1.1273224807603661,1.52132995357178e-11
-1.400858542835531,80,2.938325895468377,0.12626484015618483,-0.31039316663064276,-1.3480762126996424,0.3931608529268229,0.004623152996993453,2.735255928476815,1.100772172534213,0.0003350783756954052,0.4023932280109589,0.004151866515994831,-0.009455870841245037,-0.010554994783595971,0.054544664918694315,0.007379114950812688,-0.004109578165944344,-0.013886630481044092,0.03161436044717142,0.26447626451818435,-0.8817923542024011,0.007555825033992145
-1.400848667666459,81,2.938307825813329,0.12604753631653026,-0.30928221718635934,-1.3477764837976212,0.3928665275861942,0.004616325942354782,2.7351485171508965,1.100833169287671,0.0003359282622161952,0.40103024252760167,0.004150121049669125,-0.009498669641567613,-0.010558737173035617,0.055188547759278145,0.0073932203058493864,-0.004102468578131565,-0.013867516642243179,0.03172803351462769,0.26362731532955214,-0.8786546490663787,0.007532366690418022
-1.4004454910039315,82,2.9383185977599156,0.04226859999893105,-0.3780194730432568,-0.2456360761270377,-1.2186131003847014,0.004710168817505572,2.6156209521747438,1.2222335132841309,0.0003993633145030069,0.029031333513249907,0.0010579705285190587,0.0005662261715107102,0.027161058617068863,-0.017896470412653395,-0.005214126382473523,-0.0041794864509043655,-0.02617908033431797,0.0596378104998455,0.08978304429346509,-1.0274375834219311,0.0016832817969684565
-1.3982165284808372,83,2.9374777084742636,0.1387309579907654,0.2600512356510961,-1.0394750881918657,-0.6207926667669513,0.0046676558839176705,2.750196686690873,1.0826091912357954,0.00043900926568785954,-0.06769782782043682,0.003272298179703488,0.005546955839101994,0.016642982530660863,0.05232836425486499,-0.0035306264259582837,0.0036979836473563154,0.004512077775291134,0.06956817450489394,0.17854452355342676,0.6996195771901612,0.015119576124021102
-1.3982045422471112,84,2.9374682308762736,0.13871459712852136,0.2597457563872789,-1.0432356023088092,-0.6188103825611463,0.004661313734553218,2.7510812990223332,1.0816848754015163,0.00043763810659849377,-0.06876965080283651,0.0032869972044380774,0.005550165836646326,0.016608178851569146,0.05285486737201826,-0.0035539053650857346,0.003694011667785123,0.00453580912383522,0.06944918317496218,0.17861193637018752,0.6989543526746741,0.015115456851417113
-1.3956749749201791,85,2.937432207093769,0.31947543134506384,0.5140877973817795,-1.2359104380973593,0.28431166206346237,0.005937317958833082,2.706658261645396,1.1279787196844429,0.0007269331927739328,-0.5898119342232744,0.009703988933299556,0.006795802152248984,-0.01310378427715751,-0.001158621968231896,-0.008481753009674534,0.004952128112304686,0.05223582097174663,0.05116878958136055,0.7088159409383314,1.3993687473132925,0.020965662535841006
-1.3777526568593548,86,3.7414067894532073,-0.032886469322561694,-0.027905741246888795,-0.0034888706467876267,-3.460331317272062,1.7537164920701387,0.08605075511893716,5.195019307668132,-0.006093636618248705,-0.0033001871018373836,0.0161642113762917,0.020913411634328215,-0.0002275951568585818,-0.001341370372845578,-0.0012101738774817246,8.962093590066435e-05,0.0001194911764666014,-0.035473499180863816,0.0026570640912355623,0.0033671471087219993,-0.06349983756644002
-1.3776510195746539,87,3.7702233305010213,-0.057315764388099814,-0.03191223813236674,-0.0017798678268626674,-3.549579768453337,1.8154555652490805,0.005412465826116249,5.326376685993854,-0.018131982019865156,-0.0008456910778824783,-0.006905344780187022,0.008364709892305566,0.0004926055361050331,0.10281042403152893,-0.0005891960787051099,0.00010936107366176688,-0.0002342168558571813,-0.0651680062857409,-0.15771468547076167,0.0007419614406143171,-0.06954934886776662
-1.3744058423925674,88,2.96827828743754,0.05012185580368863,0.05591254104461839,-0.026320598238007198,-1.0410935980294103,0.07761087335374509,2.3151518193494605,1.5781060513108947,-0.014160438411083259,0.037698401579804364,0.05869634948302514,-0.05191355932215259,0.06317997977819693,0.15179096548266724,0.0015099074356944514,5.3799837672554386e-05,-0.04452086821142622,0.06410868132961242,-0.12504644136644588,0.17747435481232937,-0.0405346993229789
-1.3731552040682347,89,2.938259395631312,0.057070332976295324,-0.06376768108524165,-0.02730994970877665,-0.9521462299243797,0.014335247775128651,2.3973013116624955,1.4439281092069702,-0.012964248005437148,-0.0596237276783589,-0.03368315104907921,-0.021752514610532316,0.058546513396308605,0.09194728517228645,-0.0028546157281888716,-6.0427662083649417e-05,-0.039448760109189906,0.10358788125704703,-0.013922323394744092,-0.17990742617197172,0.03264643442577604
-1.372168629097396,90,2.9373376773047806,-0.05480220245939516,0.061665453619906475,-2.008603585180249,-0.9554441983718465,0.01281093983553448,2.424608146340561,1.4149464384185633,-0.012692477542797957,-0.18438652665087313,0.03232498335316945,-0.01890510212199211,0.028158302955769463,0.10048711446688083,0.0017158653875310088,3.116960204611455e-05,-0.04589979178423419,0.009025101754652095,-0.15830286419973535,0.19463481064115584,-0.032374507972814055
-1.371682063964043,91,2.937282458930941,-0.02889509106604042,0.014142543444581723,-1.8623597522296618,-1.000613155194351,0.013208728716121549,2.3739182038694997,1.4643019828501003,-0.012619086375644926,-0.05928716149079065,-0.0010083196945713377,0.01832618364401123,-0.016386021070218477,0.06005390781562556,-0.000996559773225843,-7.996465109172767e-06,0.03904444676440344,0.02340065984151799,-0.12085870000839907,0.04367264591640038,0.0037958714367438704
-1.3716334201099294,92,2.937303470298893,-0.029232919299003485,0.014382684051041615,-1.862880443691902,-1.0003051181370146,0.01323444560588127,2.3741588331854,1.4641225700811862,-0.012641813132408104,-0.059911261967795726,-0.0010174112682878175,0.018378392584009216,-0.01645781363628125,0.06045569160062983,-0.0009750689390984233,-7.963830791929167e-06,0.03916415593687597,0.0233631530710088,-0.12172547398373362,0.04432391018898825,0.0038554017775960844
-1.370865397037914,93,2.936953247593727,-0.034966400461116875,-0.06243140660717214,-1.9496925768633628,-0.8594992638613591,0.01343230975202199,2.429472073476657,1.4093346487695606,-0.01263200251869272,0.15443395815778227,-0.03674862752950364,-0.02115859290537584,0.025455092004486896,0.11154224040058494,0.0016216689663126594,-9.031105335823215e-05,-0.04591182153162341,0.03237582029932888,-0.153717273030754,-0.18944214450713454,0.03155532009701756
-1.3699093763840764,94,2.9359939523447727,0.08333469723666277,0.0398625321661711,-0.053872208014330625,-0.923371662567029,0.013659818786683146,2.401855643740869,1.433012956829864,-0.01103290788272189,-0.03421545928896586,-0.0008363183385694516,0.01637000811855313,-0.06835596649457086,0.004636298339997169,0.0038270897761064713,-2.073360575494915e-05,0.04621123267722933,0.12552094925522453,0.0440819653890553,0.10198765991461387,0.010846625086578257
-1.3698637368060262,95,2.936017037933909,0.08333008113794974,0.04076303663132045,-0.05501812129424266,-0.9222531401806581,0.013685424484223925,2.4022056063151664,1.432727548997308,-0.011027091618140292,-0.034749040848216096,-0.0008364490075478007,0.016372974561235386,-0.06855251159238898,0.004406141780003958,0.003874315320475918,-1.9832810291617965e-05,0.0463650930290643,0.1254566909550196,0.04422922873576328,0.10423963042881368,0.01109065181566797
-1.3658781899530676,96,2.933708697176769,0.2579495521801226,-0.02130638133156841,0.010792157056558394,-0.980001729262503,0.011231980823221768,2.3825880951879235,1.4447686142005085,0.010462992184857849,0.0015295943415950947,0.003970433716509977,-0.012953141150594389,-0.048503342035760844,-0.28950769885491895,-0.0022734745072057346,-3.263246768845615e-05,0.03079881738313003,0.11495200851623638,0.5546051931750438,-0.05999557158915353,-0.000514962641084171
-1.365832270306856,97,2.933736609983569,0.25839463525758277,-0.020414946102802353,0.010029757973249898,-0.9792685547705187,0.011255614316896466,2.38276951145543,1.4446633963731896,0.010520881278865198,0.0009514167132273887,0.003993771492758644,-0.013054265815933245,-0.04869238574174062,-0.2897514998953965,-0.0022744183441436375,-3.203894005902679e-05,0.030923554280333214,0.11489246514299173,0.5558181378221876,-0.05776835235649405,-0.0002577932261137752
-1.3635112125062465,98,2.932400780891218,0.1572085461105161,0.07310046462043598,-1.8922535808233292,-1.0138462594136803,0.010104222388690909,2.3699435322721247,1.4538009178690712,0.009819501452168207,-0.1286094444936714,-0.024302004468763183,0.01431299267932055,0.013128403336868343,-0.3038807853372114,0.0039456776288189525,8.940548345233673e-05,-0.029692213004620868,0.025100194761964244,0.44315600393311033,0.17793746782676123,-0.01628858483307516
-1.3628415444365702,99,2.932252150676268,0.1294709974478805,-0.008243489205966556,-1.9705772679747267,-0.9329451076875801,0.01008393064670489,2.412168895365141,1.4126832053457987,0.009752925720290111,0.014297233998327056,0.00023861365660319221,-0.016805828337787765,-0.021546685294326306,-0.25928493101536787,-0.0008178691020353301,-5.792681274142316e-06,0.03617236742857882,0.019670844410170682,0.3587311977413628,-0.022525783119277824,0.0012157259747904358
