energy,state,n_0,n_1,n_2,n_3,n_4,n_5,t_1,t_2,trace,densityNN,doccp,exchange,hophop,sisj,sisjNNN,r,delta,method,basis,CAS active nMO,hf smearing
-83.26309130717122,0,0.9983211605310036,0.9983210645563876,0.9983211594314372,0.998321157442181,0.9983210649710018,0.9983211610968608,5.889307522456887,-0.018566095802678595,5.989926768028871,6.750864221695121,0.5725637884177202,0.1293735383679121,0.490261994378709,-1.7524028246077363,1.6132044140714865,3.6,0.0,casci,unc-vtz,7,0.01
-82.21976234779913,1,0.9986227379635205,0.9986226440277155,0.9986227388653668,0.9986227396957087,0.9986226441439474,0.9986227378695733,4.479762858631107,-0.018117781245577634,5.991736242565832,6.372819674311314,0.402155803228462,-0.3005873149533579,0.3741982114112492,-1.4429112611011496,1.9518971088343346,3.6,0.0,casci,unc-vtz,7,0.01
-81.71476800557342,2,0.9987180325335585,0.9987179378610016,0.9987180286847581,0.9987180281024237,0.9987179415445853,0.9987180292614625,4.021479294669428,-0.29527678190939566,5.99230799798779,7.573153473094643,0.3876287358708015,-2.2368171382611832,0.3619744221538792,-0.7748797991430694,-0.6938793728862058,3.6,0.0,casci,unc-vtz,7,0.01
-81.59097429658584,3,0.9971514957092962,1.0018661593985532,0.9967276379803762,0.9971515223987943,1.0018661596299627,0.9967276120496369,3.953391352529989,-0.23535780511305773,5.991490587166619,7.8417310970292045,0.3958188409590779,-3.1344058413637805,0.3441845106231771,-0.3932298535754108,0.15681740843116487,3.6,0.0,casci,unc-vtz,7,0.01
-81.5909742934709,4,1.000012082463615,0.9952972308491947,1.000435977761522,1.0000120947248043,0.995297231447472,1.0004359642405103,3.953391327366236,-0.23535803354911244,5.991490581487118,7.841731052392877,0.3958188413636208,-3.1344057851146387,0.3441844956220411,-0.39322987054089986,0.15681745820556536,3.6,0.0,casci,unc-vtz,7,0.01
-81.13352989048848,5,1.0039535525607501,0.988183534885439,1.0039050562555807,1.0039535436589804,0.9881835247955345,1.0039050763221453,3.3318266138452435,-0.49201040084373315,5.992084288478431,7.676130070368349,0.32403268619362724,-3.4121727696565074,0.28764588833155225,-0.21294613276383362,0.44889082898467564,3.6,0.0,casci,unc-vtz,7,0.01
-81.13352971279045,6,0.9934079503931641,1.0091777855016257,0.993456412054523,0.9934079347760929,1.0091777845072247,0.993456430725544,3.3318266216866936,-0.4920106815916475,5.992084297958175,7.67613021821102,0.3240326920736157,-3.412172892230937,0.28764592621527496,-0.21294610843728645,0.4488909572205511,3.6,0.0,casci,unc-vtz,7,0.01
-80.67978579993311,7,0.9985283974037691,0.9990217225911041,0.9985253073494447,0.998528390978733,0.999021708716361,0.9985253192788268,2.8835151265819885,-0.5816614970023749,5.992150846318238,8.318342019769396,0.2963446725339955,-4.7083728626877885,0.2644643639632007,0.2746009264015453,-0.7887558710549254,3.6,0.0,casci,unc-vtz,7,0.01
-80.67978566455892,8,0.9988552756823919,0.998361767892542,0.9988583622678678,0.9988552865465734,0.998361766849508,0.9988583536367657,2.883514850168738,-0.5816615570032404,5.992150812875648,8.318341970988834,0.2963445975389578,-4.708372630803076,0.2644642635345144,0.2746008226543295,-0.7887558873882563,3.6,0.0,casci,unc-vtz,7,0.01
-80.59830171345565,9,0.9987037564485548,0.9987036899417339,0.9987037980726847,0.9987038002183606,0.9987036894851775,0.9987037541431858,2.71128010167077,0.002254958998681604,5.9922224883096975,7.2970692383749505,0.2610465734678258,-4.053776110975594,0.21993648093224097,0.2026207458940596,2.1477568442536934,3.6,0.0,casci,unc-vtz,7,0.01
-80.07017815759471,10,1.007739844398392,0.9817418224189812,1.0070031698027961,1.0077398115496314,0.9817418282938319,1.007003192864089,2.087169783963339,-0.6518138767235527,5.992969669327723,7.813393171968942,0.21433911368595504,-5.223082264633618,0.1830928420152752,0.6581928393245733,0.6443238740974736,3.6,0.0,casci,unc-vtz,7,0.01
-80.07017811087736,11,0.9899167861463218,1.0159146238749464,0.9906534399166929,0.9899167984060595,1.0159146183441057,0.9906534361634853,2.0871696042181647,-0.651813611523298,5.992969702851612,7.813393319361978,0.21433908352097986,-5.223082398511931,0.18309283653499436,0.6581928694154711,0.6443239142842255,3.6,0.0,casci,unc-vtz,7,0.01
-79.91972835687734,12,0.9988157763649337,0.9988156981867833,0.99881578093808,0.9988157843528301,0.9988156962881256,0.9988157766945174,2.002777325773661,-0.5458810957412923,5.99289451282527,8.83149948381415,0.2077536361122987,-6.2824166445827085,0.18844859129290534,0.9333334513378175,-0.3224209979616478,3.6,0.0,casci,unc-vtz,7,0.01
-79.65492044229457,13,0.9989356843909233,0.9989356186886827,0.9989357076101884,0.9989357029096416,0.9989356127898745,0.9989356935753924,1.7317600851585015,-0.764325506553969,5.993614019964703,7.76993572826021,0.21161376661838222,-5.744575440949177,0.18577990109260456,0.9298037884095363,-0.6528835951281113,3.6,0.0,casci,unc-vtz,7,0.01
-79.30331284619167,14,0.9989112494408519,0.9989111342370129,0.9989112465868151,0.9989112530857117,0.9989111318082482,0.998911247758422,1.3474846169311785,-0.8018671365570107,5.993467262917061,9.175428766463238,0.18167486725307685,-7.612742239042252,0.16100624437171066,1.5125139279053164,-0.6746708640519915,3.6,0.0,casci,unc-vtz,7,0.01
-79.27261780363956,15,0.9975368808571223,1.0017902330232604,0.9974804809949034,0.9975368845269974,1.0017902362957447,0.9974804697099652,1.2818514469691737,-0.6981111106080011,5.993615185407993,9.39951934781342,0.1626993525778047,-7.8679297706499405,0.14386739465962048,1.5840850483716147,-0.41766742792722034,3.6,0.0,casci,unc-vtz,7,0.01
-79.27261778605452,16,1.0003349129969434,0.9960813600245392,1.000391314274634,1.0003349096680147,0.9960813604206069,1.000391320556007,1.2818515318609274,-0.6981110974462057,5.993615177940745,9.399519242284436,0.16269935606858502,-7.867929743871269,0.14386743070159724,1.5840850613645254,-0.4176675213409949,3.6,0.0,casci,unc-vtz,7,0.01
-78.88629228704329,17,1.0008073683523486,0.9953092370359897,1.0008020787501657,1.0008073714708763,0.9953092409527388,1.0008020695513342,0.8060788858094368,-0.39887425175319247,5.993837366113453,9.106002820458599,0.09484455095848945,-8.100048368867153,0.08497849058830584,1.7735234793189263,0.563124005967803,3.6,0.0,casci,unc-vtz,7,0.01
-78.88629216244995,18,0.9971384603145599,1.0026364434584143,0.9971437772896764,0.9971384805318928,1.0026364432771544,0.9971437591374874,0.8060787588183803,-0.3988739612832359,5.9938373640091855,9.106002857055577,0.09484451621502443,-8.100048369248928,0.08497845261877546,1.77352347036057,0.5631240474591093,3.6,0.0,casci,unc-vtz,7,0.01
-78.19325441567241,19,0.9990672374713008,0.9990671749443993,0.9990672580692733,0.9990672581617301,0.9990671745840974,0.9990672369957604,-0.005936767735730389,0.004576335827932418,5.994403340226562,8.38433447038668,1.8087853930112028e-11,-8.384334470353236,-8.140216935834956e-13,2.096083617579948,2.096083968081487,3.6,0.0,casci,unc-vtz,7,0.01
-77.21995050513975,20,0.9959597627958919,0.995959958563756,0.9959600857274928,0.9959600777950091,0.9959599648455004,0.9959597587280442,5.452563298936263,0.0019018295243829805,5.975759608455695,6.546406877258459,1.270871647944477,-3.0030707903570963,-0.26022480374946183,-0.13506632413606662,0.8458575422277053,3.6,0.0,casci,unc-vtz,7,0.01
-76.54675629538156,21,0.9965503180122822,0.9965505046722283,0.9965506933869648,0.9965506916626382,0.9965505080076058,0.9965503143653642,5.115506959017134,-0.37111728789088455,5.979303030107084,6.547024127890591,1.3487813781953508,-3.1198430542694515,-0.2214257063346598,-0.07683450483792187,0.26163820613038014,3.6,0.0,casci,unc-vtz,7,0.01
-75.78368498180207,22,1.0115430106404555,0.9434819078688019,1.0114688228780069,1.011546120236487,0.9434819007992149,1.0114657248382386,4.847098022470611,-0.10771044728191262,5.9329874872612045,6.8919671730695375,1.1474214452326852,-2.0509752760234026,-0.2291479877789635,-0.6975041552556828,0.501735179787544,3.6,0.0,casci,unc-vtz,7,0.01
-75.78368475681654,23,0.966117861813259,1.0341806322204854,0.9661953777762431,0.9661180718640934,1.034180631682264,0.9661951397023193,4.84709787672781,-0.10771018666380015,5.932987715058664,6.891967739135589,1.1474215975635238,-2.050975674002701,-0.22914791099845855,-0.6975040977825469,0.5017350293027514,3.6,0.0,casci,unc-vtz,7,0.01
-75.58065835822505,24,0.9910796834696514,0.991078364803434,0.9910766939422324,0.9910766876035688,0.9910783809181668,0.9910796835423084,4.253453896545313,-0.02610527530777525,5.946469494279361,6.671306526855069,1.087582176670467,-1.7256322329259024,0.17884466472539334,-0.805010515250816,0.601428585862208,3.6,0.0,casci,unc-vtz,7,0.01
-75.3615794247947,25,0.9652021958514352,1.0547075281830738,0.9656794501522492,0.9652027650602271,1.054707532437018,0.9656788666133421,3.9539085143466117,-0.8152950472826836,5.971178338297346,7.548975999902822,1.110426418759321,-4.782103181280377,-0.26289786038148333,0.5038075906644826,0.3942412697198284,3.6,0.0,casci,unc-vtz,7,0.01
-75.36157912523412,26,1.0251898664352717,0.9356852768616852,1.0247140159274633,1.0251906994744142,0.9356852835863498,1.0247131713568411,3.9539084205390704,-0.8152945979185514,5.971178313642025,7.548976424653485,1.110426374302748,-4.782104015512319,-0.2628978764405884,0.503807901592788,0.39424104705155394,3.6,0.0,casci,unc-vtz,7,0.01
-74.94204664066186,27,0.9970985166445938,0.9970987304456729,0.9970989701944695,0.9970989719507242,0.9970987377022796,0.9970985021997832,3.504756338086093,0.036887208965344725,5.982592429137523,6.354683908141673,1.1800139320441398,-1.369269120239188,-0.6731474598206473,-0.9040364169158243,0.9628811743564962,3.6,0.0,casci,unc-vtz,7,0.01
-74.60115500175341,28,0.9815787652040436,1.0029946280063804,0.981566428681349,0.981578899088276,1.0029946330587518,0.9815662770508125,3.2581991871715728,-1.629728950052963,5.932279631089614,7.422300676637837,1.0667674918577257,-4.144647060943907,-0.10951500301826853,0.21674836131249414,0.530385298136689,3.6,0.0,casci,unc-vtz,7,0.01
-74.60115471651058,29,0.9958478356567225,0.9744319711243639,0.995860101569098,0.9958476267497347,0.9744319698567505,0.995860324060519,3.258198206826007,-1.6297296093268292,5.9322798290171885,7.422300795300883,1.0667676398043175,-4.144647956545677,-0.10951565765342341,0.216748779447618,0.5303851284084451,3.6,0.0,casci,unc-vtz,7,0.01
-74.35527559176474,30,0.9057940298542295,1.1653792637773928,0.9056063555168467,0.9057943240900517,1.165379260176615,0.9056060744889254,3.381737061249707,-1.815371180887237,5.953559307904062,7.441989483085541,1.174214819998553,-4.468602536991648,-0.25848654688836903,0.37380389772443867,0.0849245353367647,3.6,0.0,casci,unc-vtz,7,0.01
-74.3552753240149,31,1.0787254357694969,0.8191403981901473,1.0789137614882982,1.0787258028629083,0.8191403964646973,1.078913403941457,3.381736621287385,-1.8153708523902594,5.953559198717006,7.441989872843013,1.1742145633544305,-4.468602822284295,-0.25848642846800896,0.3738039429313937,0.08492435122552355,3.6,0.0,casci,unc-vtz,7,0.01
-74.01967633427773,32,1.0374025579852937,0.8715563016552863,1.0361217788736414,1.0374025241518656,0.8715563009567668,1.0361218156176977,3.5554187363940892,-0.23286527187254194,5.8901612792405516,6.841029416897431,1.001664162536511,-3.159360237740401,0.11658824977764531,-0.13057723535415705,0.7359990089360171,3.6,0.0,casci,unc-vtz,7,0.01
-74.01967580992125,33,0.9259843730664155,1.0918305886266861,0.9272655686435773,0.9259849317295168,1.0918305684418366,0.9272650363682453,3.5554190119669777,-0.2328669677481902,5.890161066876278,6.841028354757805,1.0016642734689194,-3.159360041639247,0.11658788655801589,-0.13057706786982776,0.7359995366163208,3.6,0.0,casci,unc-vtz,7,0.01
-73.82374066902747,34,0.8399084970351347,0.8924892972868392,0.8398862458174654,0.8399084906677484,0.8924892716847408,0.8398862742469029,5.048970465432635,0.31399545015672237,5.144568076738832,4.825488862015355,0.4469504347464319,-0.73573978549263,0.3012938980424639,-0.8385023227575236,0.4631275387811378,3.6,0.0,casci,unc-vtz,7,0.01
-73.82373840007406,35,0.8749472708613855,0.82236697966519,0.8749699858858913,0.8749477973903241,0.8223669797585775,0.8749694740508407,5.048970203746213,0.3139937283428311,5.14456848761221,4.825489790044902,0.44695108044763415,-0.7357423644478027,0.30129414936450893,-0.838501265287324,0.4631274297217586,3.6,0.0,casci,unc-vtz,7,0.01
-73.62372553531006,36,0.8146974294775643,0.9399460150613523,0.8149822551352135,0.8146988431606936,0.9399460067210066,0.8149808580853678,5.2166799288036465,0.6560683327061875,5.139251407641198,4.7915291851114805,0.4506049508574478,-0.3587842711648572,0.26363942798591283,-1.0184901606954413,0.5414953167253471,3.6,0.0,casci,unc-vtz,7,0.01
-73.623724619357,37,0.8983860783313986,0.7731380343889056,0.8981014588188305,0.898384860491316,0.7731380165193571,0.8981027009854881,5.216678399876383,0.656067516674605,5.139251149535296,4.791529569412523,0.4506042509157128,-0.35878389880081196,0.2636390939345743,-1.0184904429527248,0.541495250152764,3.6,0.0,casci,unc-vtz,7,0.01
-73.61585180292555,38,0.9969655018083341,0.9969687194324934,0.9969657713669058,0.9969658352586322,0.9969687224926818,0.9969655903358536,2.9165549835715394,-1.130938819367969,5.981800140694901,7.546612084628624,1.1168167145508878,-4.329357835742605,-0.06873918554373974,0.27802589671414635,0.5564993833327365,3.6,0.0,casci,unc-vtz,7,0.01
-73.58792458946199,39,0.9497630946757621,0.9497627811915493,0.9497632145987994,0.9497632451035942,0.9497627919381517,0.9497630474133407,3.3622371709935956,-0.6268317103034082,5.698578174921197,6.9919845524193045,0.8418714192205385,-3.954336749247709,-0.16478894255787963,0.2291722365190282,0.2638992072473941,3.6,0.0,casci,unc-vtz,7,0.01
-73.56550993522322,40,0.9362939617368148,1.0840591881330708,0.9371053775407566,0.9362939353993333,1.0840591316285026,0.9371055323254585,3.3058497504896502,0.8123904754936659,5.914917126763936,6.581372532033432,1.0552125750751098,-2.5623913926811177,-0.5038867529930801,-0.3641474366677995,1.0544248287219524,3.6,0.0,casci,unc-vtz,7,0.01
-73.5655091812645,41,1.0353455755079262,0.8875782479875631,1.0345345443806115,1.0353460980330118,0.8875782459487314,1.034534010975485,3.3058489036375787,0.8123895529599722,5.914916722833329,6.581371996737692,1.055211982524557,-2.5623907948775986,-0.5038867202328146,-0.364147601745624,1.054424649064842,3.6,0.0,casci,unc-vtz,7,0.01
-73.56424445689068,42,1.0434572210404718,0.8879073638487298,1.0427515549366155,1.0434560528084125,0.8879073588628106,1.042752743773435,3.3155028946540783,0.061163948320505285,5.948232295270476,7.089165538099012,1.1416867816897964,-3.1383356831097027,0.4743450444970936,-0.2031235429699017,0.2647219886894211,3.6,0.0,casci,unc-vtz,7,0.01
-73.56424344037316,43,0.9392868075067246,1.0948368564756212,0.939992482022521,0.9392880689931854,1.0948368207858872,0.93999128518903,3.3155025628425268,0.06116229675910582,5.948232320972969,7.089167637968062,1.141686633072955,-3.1383370980091074,0.4743448883171977,-0.20312336048746205,0.26472103265973557,3.6,0.0,casci,unc-vtz,7,0.01
-73.42984963043583,44,0.9924764328853327,0.9924764066156471,0.9924765629137041,0.9924765615676642,0.9924764145466735,0.9924764276924757,2.458222480136489,-2.1533684117233065,5.954858806221497,8.132501654484667,1.0584182454738935,-5.945011422667921,-0.2836432614803681,0.9393802977127936,0.009213225801697034,3.6,0.0,casci,unc-vtz,7,0.01
-73.31382638535369,45,0.983548019213607,1.0059646847854,0.9835755096351342,0.9835485173625758,1.005964670005421,0.9835750174447839,2.5409240381441323,0.24502953372255218,5.946176418446922,7.796740087445548,0.931931948112444,-6.278214507307721,-0.4235552986783985,1.189922231792474,1.1592503622667025,3.6,0.0,casci,unc-vtz,7,0.01
-73.31382613326257,46,0.9985089013920515,0.9760941249533512,0.9984851611950452,0.9985121769358632,0.9760941374600347,0.9984818852387698,2.5409236390802548,0.24502978006821874,5.946176387175115,7.796739775959081,0.9319318942983319,-6.278214430976094,-0.42355550594369284,1.1899222714982771,1.1592502306888397,3.6,0.0,casci,unc-vtz,7,0.01
-73.28529066024203,47,0.9528436864354346,1.0383149650238108,0.9531189666617557,0.9528439721118784,1.0383150341467478,0.9531185767612451,2.6806321571036342,-0.005990954950958138,5.888555201140873,7.418158954183298,0.9614815935994709,-4.728582063307998,-0.3484757231906386,0.5097512931081748,0.20035983761205434,3.6,0.0,casci,unc-vtz,7,0.01
-73.28529047649937,48,1.010007819267137,0.924536772573793,1.0097328289821137,1.0100077393403306,0.924536760639678,1.009732949271776,2.6806308129650374,-0.005988940631091448,5.888554870074828,7.418159184835458,0.9614808429162156,-4.728581106642255,-0.3484763382085394,0.509750757112263,0.20035950249021317,3.6,0.0,casci,unc-vtz,7,0.01
-73.14215047627049,49,0.9812566211508591,1.0226247146343486,0.9814879186118303,0.9812574681283963,1.0226246953864289,0.9814871680755488,3.0838210224291256,-0.6922107723633792,5.970738585987412,6.775349043408175,1.1839316758654634,-2.6136015292496695,-0.6404585186293246,-0.38703649622720904,0.08782541475179972,3.6,0.0,casci,unc-vtz,7,0.01
-73.14214958302854,50,1.0089886943850046,0.9676215366924568,1.0087589666187262,1.0089892535722735,0.9676216983716602,1.0087582813142504,3.0838218583421018,-0.6922140128778134,5.970738430954372,6.775346130785357,1.1839319280026417,-2.6135973249355846,-0.6404567635081251,-0.3870378702285469,0.08782730385740478,3.6,0.0,casci,unc-vtz,7,0.01
-72.96669196171852,51,0.9646634305201132,0.9646618210010964,0.9646605395271832,0.9646605155928234,0.9646618494048463,0.9646634141940071,2.23475033903299,-0.40256631656771846,5.787971570240069,7.764435483089633,0.6780651455763267,-6.0125317688370625,0.06375303383617639,1.065157013646123,1.3945762661934038,3.6,0.0,casci,unc-vtz,7,0.01
-72.90519877255556,52,0.8549054428083196,0.8549045941130081,0.8549052603455511,0.8549051866645665,0.8549046288153963,0.854905431473729,4.290760543206289,-0.6775529575223518,5.12943054422057,5.299033286151127,0.3935922130315087,-2.356158658497678,0.27582217972505196,-0.1466789922889427,0.09238002916959653,3.6,0.0,casci,unc-vtz,7,0.01
-72.9035854301064,53,0.8852988132958115,0.8852988843434484,0.8852987382607302,0.88529868922125,0.8852989078976652,0.8852988182660049,4.037705192034073,-0.5697994331816463,5.311792851284911,5.851366422824745,0.5371013589524858,-2.7723160203091815,-0.021498266172989354,-0.07668359555159554,0.27559665099389047,3.6,0.0,casci,unc-vtz,7,0.01
-72.66509752194571,54,0.9975540782068664,0.9975548662727316,0.99755473381545,0.997554704044805,0.9975548890405908,0.9975542281433835,1.740261503051197,0.01832517718824514,5.985327499523827,7.406948653718494,0.9900368840442009,-6.157298941579129,-0.7334941289020834,1.226912307359941,1.1784215057004208,3.6,0.0,casci,unc-vtz,7,0.01
-72.52746904450998,55,0.9886711826464634,0.988672571438841,0.9886714929725724,0.9886715274630833,0.9886725638931392,0.9886711617713518,3.1197312033791156,0.08644920211030556,5.932030500185451,6.728442164159902,1.1983708898048548,-3.5976448938595498,-0.44663528073237,0.11671190588979957,0.4612664625680081,3.6,0.0,casci,unc-vtz,7,0.01
-72.50435671947625,56,0.9670254306972587,0.96702793752273,0.9670256089642677,0.9670256209935333,0.9670279373760815,0.9670253996005012,2.3851691222450926,-0.5095777870971794,5.802157935154373,7.0906905432827925,0.8810501072249252,-3.842373158454708,-0.38298861651652694,0.14851394340665602,0.45087694793225913,3.6,0.0,casci,unc-vtz,7,0.01
-72.48924336520447,57,1.0509047634162418,0.8507385207951408,1.0502669055044525,1.050904512186476,0.8507384950531729,1.0502672324449809,2.7176079504476225,-0.9682752086634492,5.903820429400465,6.199441705440469,1.1234782812375521,-2.5691582436559184,0.4767679364794115,-0.26528130453215804,0.9406084475062342,3.6,0.0,casci,unc-vtz,7,0.01
-72.48924281853675,58,0.9170358482603091,1.1172002526057514,0.9176740347679293,0.9170365203296035,1.117200246277287,0.9176733478563207,2.7176088227894746,-0.9682754043531396,5.903820250097201,6.199440742106509,1.1234781434335934,-2.569156228671156,0.4767664571684802,-0.2652820711910492,0.9406090376362648,3.6,0.0,casci,unc-vtz,7,0.01
-72.34221082300587,59,0.9954484036660671,0.9954483309543914,0.9954482590413338,0.995448302963895,0.9954483031053519,0.9954484132577263,2.212973628488201,-0.06329261618301653,5.972690012988766,6.500220254234875,1.1530010450332138,-2.0965305014925093,1.061156117470651,-0.576789812812464,0.8444455480552899,3.6,0.0,casci,unc-vtz,7,0.01
-72.19703344047832,60,0.8769129955264365,0.7792348746586488,0.8768365948027718,0.8769122732597212,0.779234844964485,0.876837394533812,3.7124281230337446,0.2620816106581839,5.065968977745875,4.946079166138015,0.2567897326420495,-2.4368884197664853,0.11781866907883028,-0.01807558165126072,0.8502963273865196,3.6,0.0,casci,unc-vtz,7,0.01
-72.19703188358679,61,0.811743628487904,0.9094214341554037,0.8118194688826007,0.8117437900578606,0.9094215882743946,0.8118189040613343,3.7124271682253482,0.26208373310174515,5.065968813919498,4.946078688215531,0.25678938336670976,-2.436887513157627,0.11781835064697921,-0.018075915475068843,0.8502964301350001,3.6,0.0,casci,unc-vtz,7,0.01
-72.19190498146621,62,0.9548570050294601,1.063816705440124,0.954478688509325,0.9548576000668176,1.0638166910149323,0.9544780042859451,2.065419357977455,-1.947380053716326,5.946304694346605,7.622795464055312,1.0126460378072302,-4.169274070374312,0.025414363371533945,0.17893816917332828,-0.09649762801016115,3.6,0.0,casci,unc-vtz,7,0.01
-72.19190488535018,63,1.0272446001690552,0.9182841457151112,1.0276235344087241,1.0272446092693959,0.9182841368887122,1.0276235518291816,2.065421912792396,-1.9473800260957521,5.94630457828018,7.62279423864659,1.0126461575687307,-4.169270056216575,0.025416358076127084,0.17893646844664002,-0.0964957733054963,3.6,0.0,casci,unc-vtz,7,0.01
-72.15697677336229,64,0.9960362289109335,0.996037099736859,0.9960372066865405,0.996037179742199,0.996037388073622,0.996036273293598,2.279333205008691,0.2233890103304117,5.976221376443752,6.2357085517705615,1.185658098501966,-3.333922079618262,0.6873747526908636,0.1080339018664905,0.815151425618023,3.6,0.0,casci,unc-vtz,7,0.01
-72.14647624274924,65,0.9738149460941186,0.9738150232044798,0.9738151477006411,0.9738149740620314,0.9738151787679968,0.9738147204815021,2.0554284968911984,0.08054523395151372,5.84288999031077,7.4984039280618475,0.8891518656156067,-5.079817806910775,0.1344939244577472,0.665307921439926,0.0366255014828501,3.6,0.0,casci,unc-vtz,7,0.01
-72.06341104749582,66,0.9234595551472424,0.968669165158171,0.9235681852268294,0.9234598104269665,0.9686693583433172,0.9235677298629816,2.8236148363890146,0.16379104306278736,5.6313938041655085,6.628678123386205,0.7492768167525969,-2.49443734926992,0.28149441282239723,-0.40995085621159105,0.46482199754981135,3.6,0.0,casci,unc-vtz,7,0.01
-72.06340904874175,67,0.9536718989595754,0.9084621376731229,0.9535631029145235,0.9536716353589181,0.9084620215845787,0.953563479084609,2.823615698112118,0.16378935511922407,5.631394275575328,6.62867951593352,0.7492775492935222,-2.494437551225947,0.2814951343814308,-0.4099511033704063,0.46482096402114204,3.6,0.0,casci,unc-vtz,7,0.01
-71.98829606198223,68,0.9870697401695503,0.9883908901999647,0.9870880562198587,0.9870694729852931,0.9883908722654943,0.9870881271917835,2.340666991211426,-1.7893096144270355,5.925097159031944,6.678167339229177,1.101685703757741,-2.5118814669118197,0.5352850746288972,-0.4136011013513846,0.14634416995061827,3.6,0.0,casci,unc-vtz,7,0.01
-71.988295909714,69,0.9879626310815369,0.986641724293966,0.9879441100827961,0.9879627024291189,0.9866416019315246,0.9879442444598241,2.340670236066345,-1.789309586386299,5.925097014278767,6.678166188959441,1.1016859671074428,-2.511878384898737,0.5352859337728153,-0.4136023547904919,0.14634560018078513,3.6,0.0,casci,unc-vtz,7,0.01
-71.87643528392518,70,0.9718185826732542,0.9718236581329598,0.9718195215468652,0.9718193590837015,0.9718237084609433,0.9718187442325902,2.0989217490306453,-0.6555712004723729,5.830923574130314,7.5365537270107765,0.860958115327221,-5.038618271780064,0.0614472455897545,0.6351707041373378,0.49581808226342294,3.6,0.0,casci,unc-vtz,7,0.01
-71.87318993957877,71,0.9499003645141457,0.9829456547386622,0.9498983564056531,0.9499011066203285,0.9829455145171795,0.9498978103526833,1.93809359806323,-1.120360511470142,5.765488807148651,6.940480247713008,0.9146508102127975,-5.067452861438738,0.03610532009401578,0.7986063687911171,0.24999805273894804,3.6,0.0,casci,unc-vtz,7,0.01
-71.87318981330222,72,0.9719305887153173,0.9388807817555828,0.9719330968087379,0.9719305544626032,0.9388807659247435,0.9719331341971076,1.9380946141586486,-1.1203625357302935,5.765488921864092,6.940481290147085,0.9146511319665942,-5.067453265523315,0.03610551363800789,0.798606310224886,0.24999685143249972,3.6,0.0,casci,unc-vtz,7,0.01
-71.76426527079099,73,0.8224263815152919,0.8812139284845735,0.822440840976344,0.8224262006911667,0.8812139126999763,0.8224409668440895,2.902183849737029,-1.2882793001233794,5.052162231211442,5.934458807938055,0.1686063118352536,-4.738266228244414,0.0799822519134554,0.8855184121376932,0.22721842367892886,3.6,0.0,casci,unc-vtz,7,0.01
-71.76426408856561,74,0.8616277972275876,0.8028405527302014,0.8616126828279805,0.8616271341404771,0.8028406505564086,0.8616131764741589,2.9021841450149326,-1.2882732773013603,5.052161993956814,5.934459407694567,0.1686058498514909,-4.738267414590366,0.07998270049421177,0.8855188553715406,0.2272168947407832,3.6,0.0,casci,unc-vtz,7,0.01
