,casci_index,irrep,total_energy,total_energy_error,excitation_energy,excitation_energy_error,spin_squared,c_3_value,sigma_v_value,D_eps_a1,D_eps_a1_error,D_eps_e,D_eps_e_error,D_eps_e_prime,D_eps_e_prime_error,D_t_e,D_t_e_error,D_J_SO5,D_J_SO5_error,D_J_e_a1,D_J_e_a1_error,D_J_e_e_prime,D_J_e_e_prime_error,D_J_e_prime_a1,D_J_e_prime_a1_error,D_U_SO5,D_U_SO5_error,D_U_a1,D_U_a1_error,D_U_e,D_U_e_error,D_U_e_prime,D_U_e_prime_error,D_V_e_a1,D_V_e_a1_error,D_V_e_e_prime,D_V_e_e_prime_error,D_V_e_prime_a1,D_V_e_prime_a1_error,D_pair_hopping_e_a1,D_pair_hopping_e_a1_error,D_pair_hopping_e_e_prime,D_pair_hopping_e_e_prime_error,D_pair_hopping_e_prime_a1,D_pair_hopping_e_prime_a1_error,eigenstate
0,0,$^{6}A_{1}$,-8550.055764398809,0.05985337348088025,0.0,0.05985337348088025,8.286531028086841,0.558331827717134,0.29913272486924547,0.9893957808521269,0.0029842906041345997,1.9831401142832017,0.00045525734959990435,1.98810852547275,0.004342572681258057,-0.0032471584573376,0.0017827603400281061,0.2532342443817417,0.10368464201593441,0.009118490521404014,0.007300272509383912,0.05688609011928024,0.011302984340335146,0.12082368910345018,0.06281189464660428,12.606998100250237,0.09845571370726097,0.5273297701741204,0.008117966673168301,1.328486941981419,0.0016795292121959322,1.3734659801547895,0.050421889351643226,2.0717946475241216,0.008051925582920765,2.648666976062577,0.010959320869466148,1.9841463617386625,0.06492196565295602,-0.002633571117135869,0.020141577876750093,-0.0022804148369378174,0.01773108795427152,0.025404178363644007,0.04757351304547662,0
0,6,$^{4}A_{2}$,-8548.352511292813,0.060575847732178924,1.7032531059943412,0.060575847732178924,3.4455481256281573,0.5585646688482382,-0.29920835045022953,0.9979838643367003,0.0027277758842047515,2.1359038671934596,0.0002987944814830804,1.8394717683055197,0.0051228943088694875,1.751815409127434,0.0015744135205236912,3.7092017808264726,0.14259266269479376,0.3904462311986698,0.007007048837781395,1.2881696378854324,0.003349123145455462,0.6756936337962989,0.07051361410357243,12.572778079448723,0.11858878359912126,0.559598107439885,0.01016452129303552,2.0862723308621933,0.004645524683368186,1.9352106265304272,0.0744693302532301,2.238266981019903,0.0011207903369098676,2.640119554615258,0.007971323508752716,1.8247878046348907,0.0737554261313031,-0.03799586688855841,0.031209278176689982,-0.03261044573611134,0.02650785942342007,0.10642872662045211,0.08419822285354603,1
0,5,$^{4}E$,-8548.271965926768,0.03909007231879789,1.783798472041132,0.03909007231879789,3.635407808301945,-0.27816153537195254,0.2992833854773563,0.6145603038129548,0.0023776342938392936,2.5149953297182988,0.0004403360662306357,1.8403148629695487,0.003418845297809204,1.09927263231838,0.0013234934141415392,3.619371295329574,0.11774455228008011,0.945549695950514,0.003898683339758485,1.1500095790294127,0.004330578021309789,0.8915783300296836,0.06394858521538953,12.52357234510342,0.08808764553466332,0.40777377828501216,0.025695412210313334,2.5212985021114274,0.0013063609701020815,1.4541304369502135,0.04307005909535963,1.3793135239198624,0.0004939085251353845,3.0366339137007032,0.0036873526483846126,0.9577910618281127,0.062494244880394775,-0.04120809602942824,0.029192593153708327,0.06047932700238075,0.011061548916900742,-0.07937241739837374,0.08300186088569367,2
0,4,$^{4}E$,-8548.271965926768,0.03909007231879789,1.783798472041132,0.03909007231879789,3.4954210359519315,-0.27950748753276566,-0.2993442815651476,0.6145603038129548,0.0023776342938392936,2.5149953297182988,0.0004403360662306357,1.8403148629695487,0.003418845297809204,1.09927263231838,0.0013234934141415392,3.619371295329574,0.11774455228008011,0.945549695950514,0.003898683339758485,1.1500095790294127,0.004330578021309789,0.8915783300296836,0.06394858521538953,12.52357234510342,0.08808764553466332,0.40777377828501216,0.025695412210313334,2.5212985021114274,0.0013063609701020815,1.4541304369502135,0.04307005909535963,1.3793135239198624,0.0004939085251353845,3.0366339137007032,0.0036873526483846126,0.9577910618281127,0.062494244880394775,-0.04120809602942824,0.029192593153708327,0.06047932700238075,0.011061548916900742,-0.07937241739837374,0.08300186088569367,3
0,3,$^{4}A_{1}$,-8547.785667795568,0.050942572489792184,2.2700966032398413,0.050942572489792184,3.704829028562992,0.5575290520932886,0.29915394391792943,0.9964317260727046,0.0032906716793512846,2.1989850900757975,0.0005058329958602186,1.7775661557068996,0.004780638239489661,0.11684644956605689,0.0017689769645769697,3.2529177288456603,0.12721031246136197,1.6869217609068403,0.008273237224958246,0.7577970826320092,0.017490973234157506,1.0808612873173136,0.06954309945562859,12.54816351918754,0.1147451742424468,0.4816202679083608,0.014553169978966034,1.963659994490686,0.007176824583677811,1.3716061516235203,0.054359487926361416,2.200364284193993,0.015315637316421417,2.0311239620003727,0.015509966864943986,1.7905620030055456,0.07924182370172698,-0.04610129898250678,0.023637985361638386,-0.5499232314623653,0.024246461973026764,0.0199873707746122,0.06446125667369476,4
0,1,$^{4}E$,-8547.709514822685,0.03500150377678757,2.346249576122217,0.03500150377678757,3.6623376375880277,-0.27952530116652635,-0.2971223679546658,0.9211306455628503,0.0018618902260486847,2.069854506303262,0.00040689677370432187,1.9731308941953438,0.003007715047794153,0.02396784456158335,0.0010876875872697308,3.238454283428629,0.13779977414968453,0.44465090666173135,0.023700027357755286,0.9798894516130434,0.010912166633808172,0.9840602021469522,0.07567277930434009,12.724133698541728,0.12048234998211686,0.5688533588509002,0.02124377306000575,1.7345974189179956,0.0052683974909088745,1.7896809106016263,0.04050641662962226,1.8103132690667467,0.022595706676038437,2.7337673090772103,0.010820226350732893,1.8471252848739472,0.10334119356223476,-0.22114406670952363,0.027349966343694954,-0.1149307380928713,0.015720091515100013,-0.025791581736117442,0.09113951525844831,5
0,2,$^{4}E$,-8547.709514822685,0.03500150377678757,2.346249576122217,0.03500150377678757,3.648711338265631,-0.27910537273643077,0.29716166065039135,0.9211306455628503,0.0018618902260486847,2.069854506303262,0.00040689677370432187,1.9731308941953438,0.003007715047794153,0.02396784456158335,0.0010876875872697308,3.238454283428629,0.13779977414968453,0.44465090666173135,0.023700027357755286,0.9798894516130434,0.010912166633808172,0.9840602021469522,0.07567277930434009,12.724133698541728,0.12048234998211686,0.5688533588509002,0.02124377306000575,1.7345974189179956,0.0052683974909088745,1.7896809106016263,0.04050641662962226,1.8103132690667467,0.022595706676038437,2.7337673090772103,0.010820226350732893,1.8471252848739472,0.10334119356223476,-0.22114406670952363,0.027349966343694954,-0.1149307380928713,0.015720091515100013,-0.025791581736117442,0.09113951525844831,6
0,28,$^{2}E$,-8547.67583277519,0.08954025725573202,2.3799316236173955,0.08954025725573202,0.6470084892062324,-0.08235248036838332,-0.2994266765041102,0.5248903138976106,0.004420606342340125,2.6372907097261864,0.0006943273622105268,1.7986173930587874,0.007201259166582969,1.6728820529182484,0.002869036546595779,4.768437321932682,0.19989953097702906,1.5045305277426817,0.013243106540002995,2.0439366356144637,0.011626300898560572,0.7374216060977503,0.10340327189996074,12.745688511329558,0.1872646450926385,0.37454084730401693,0.07523927736026607,2.926146293555555,0.00406265875949887,1.7294557736566434,0.0840810659598686,1.17035680555203,0.007005345629679479,2.9724425021912326,0.010832667596117914,0.9103067372420142,0.12664660991603077,-0.502502638183241,0.013787855009992977,-0.026899707775681646,0.01798652451774532,0.03711411280258141,0.10057229975516609,7
0,27,$^{2}E$,-8547.67583277519,0.08954025725573202,2.3799316236173955,0.08954025725573202,1.023287059222394,-0.2785851493849055,0.2993007800385793,0.5248903138976106,0.004420606342340125,2.6372907097261864,0.0006943273622105268,1.7986173930587874,0.007201259166582969,1.6728820529182484,0.002869036546595779,4.768437321932682,0.19989953097702906,1.5045305277426817,0.013243106540002995,2.0439366356144637,0.011626300898560572,0.7374216060977503,0.10340327189996074,12.745688511329558,0.1872646450926385,0.37454084730401693,0.07523927736026607,2.926146293555555,0.00406265875949887,1.7294557736566434,0.0840810659598686,1.17035680555203,0.007005345629679479,2.9724425021912326,0.010832667596117914,0.9103067372420142,0.12664660991603077,-0.502502638183241,0.013787855009992977,-0.026899707775681646,0.01798652451774532,0.03711411280258141,0.10057229975516609,8
0,16,$^{2}A_{2}$,-8547.532059234392,0.10914741350744155,2.5237051644154502,0.10914741350744155,0.950941186238925,0.5584504070809808,-0.2991156804185104,0.6321075493120807,0.005943193972597577,2.5051516404209684,0.001438841882002982,1.8224060814767264,0.00991157374066884,1.1211773702518835,0.0028109908642493823,4.780880390407873,0.2628391556362043,1.6640941149810695,0.024128976794332145,1.2923222138241108,0.012546063110577266,1.4804808856064386,0.15925907599970646,12.35162137974789,0.2045119989395344,0.2526265114406441,0.04082367282194655,2.7004720129646875,0.001695678100630277,1.7068134049914643,0.13010646070507673,1.4516495098962774,0.009238316742338847,3.0421260476295844,0.017945513340634996,1.1256631399880226,0.14235743172333215,-0.13813765041172654,0.024453368381335973,-0.11408849928781435,0.02497533286387874,0.12138829752465646,0.1284947768971669,9
0,11,$^{4}E$,-8547.505345618682,0.08114956499136124,2.5504187801266007,0.08114956499136124,3.3721715095932776,-0.27881748851760607,0.29925192273052714,0.8535599357067782,0.005091629380895018,2.374977351497277,0.0006791353363771415,1.7255076383618773,0.007270825004595132,0.5864521918684598,0.0026533262164852387,4.035219398890454,0.18230067988455026,0.8830590100933948,0.02534912029899328,1.0971210508170335,0.008785815677807066,0.8098501636187942,0.11154019498667408,12.771883858164694,0.15861551978518054,0.6144202036090292,0.023250314262976777,2.3387444356605354,0.0023521563655262753,1.453535512262591,0.08065234913043381,1.9572675339216534,0.023351374008208057,2.607712883710299,0.012467601240159576,1.3237657198731398,0.11250069212156975,-0.12084164192066525,0.022096011707618695,-0.095242719442933,0.01647151446491559,-0.3343102845523114,0.10232297656415357,10
0,12,$^{4}E$,-8547.505345618682,0.08114956499136124,2.5504187801266007,0.08114956499136124,3.6007777549214204,-0.2804008551697826,-0.299621584263832,0.8535599357067782,0.005091629380895018,2.374977351497277,0.0006791353363771415,1.7255076383618773,0.007270825004595132,0.5864521918684598,0.0026533262164852387,4.035219398890454,0.18230067988455026,0.8830590100933948,0.02534912029899328,1.0971210508170335,0.008785815677807066,0.8098501636187942,0.11154019498667408,12.771883858164694,0.15861551978518054,0.6144202036090292,0.023250314262976777,2.3387444356605354,0.0023521563655262753,1.453535512262591,0.08065234913043381,1.9572675339216534,0.023351374008208057,2.607712883710299,0.012467601240159576,1.3237657198731398,0.11250069212156975,-0.12084164192066525,0.022096011707618695,-0.095242719442933,0.01647151446491559,-0.3343102845523114,0.10232297656415357,11
0,30,$^{2}A_{1}$,-8547.482178299979,0.12134168806097169,2.57358609882915,0.12134168806097169,-0.9250483662706124,0.5584351629111023,0.29934008029806186,0.9762036197045624,0.006570593378916848,1.9828326967133636,0.0010582892707271688,2.0064615997913444,0.01008503523522892,1.9203523266910665,0.0029693693869824755,7.677153018990781,1.7630581181152365,1.5778911203592807,0.020577944166731935,3.749028917951912,0.024304677098395542,1.0312202315892998,0.29605695215961436,13.328303398106495,1.556325896681692,0.5795707506977051,0.020765671829859077,2.4660046797845405,0.004613857881395259,1.9683047718410982,1.458812945633502,1.361742933446977,0.011891665789386415,3.68031087090311,0.02670006857434862,1.7444752015677907,0.572333948394921,0.29653225368810027,0.01376947658602292,0.985093456035474,0.06426957200598987,0.12069368457783408,0.3528399740880784,12
0,9,$^{4}E$,-8547.409647752245,0.030866761180036492,2.6461166465623323,0.030866761180036492,3.7653448030731003,-0.2787304136598533,0.29920148150948117,1.0904010523698375,0.0012874029617118002,1.978609712674459,0.00032437619368465894,1.8947589247483263,0.0023611500727788092,0.07931880276099038,0.0009490311535100039,3.3628743542167516,0.07438669879140153,0.9158642141248003,0.004439361945896898,0.6937077491120579,0.0065574960669068415,0.9451717520970009,0.03795157609841658,12.377658185459694,0.06285183880363109,0.8687529358198345,0.009302962771364397,1.6405711705470432,0.0008276274999519814,1.5592667719040558,0.03680181667270707,1.9568612376472192,0.006144240178905925,2.50847527700323,0.004861864719065555,1.6912970385925257,0.039171266649203666,-0.21102379795696746,0.01344475948521476,-0.006799774448347155,0.01158954054148892,-0.325784151064735,0.04459054266808127,13
0,8,$^{4}E$,-8547.409647752245,0.030866761180036492,2.6461166465623323,0.030866761180036492,3.698783931052038,-0.2791975847740191,-0.29918141654392966,1.0904010523698375,0.0012874029617118002,1.978609712674459,0.00032437619368465894,1.8947589247483263,0.0023611500727788092,0.07931880276099038,0.0009490311535100039,3.3628743542167516,0.07438669879140153,0.9158642141248003,0.004439361945896898,0.6937077491120579,0.0065574960669068415,0.9451717520970009,0.03795157609841658,12.377658185459694,0.06285183880363109,0.8687529358198345,0.009302962771364397,1.6405711705470432,0.0008276274999519814,1.5592667719040558,0.03680181667270707,1.9568612376472192,0.006144240178905925,2.50847527700323,0.004861864719065555,1.6912970385925257,0.039171266649203666,-0.21102379795696746,0.01344475948521476,-0.006799774448347155,0.01158954054148892,-0.325784151064735,0.04459054266808127,14
0,10,$^{4}A_{1}$,-8547.372771600605,0.1410532681217624,2.682992798203569,0.1410532681217624,4.074501442636109,0.5580039964251564,0.29932550832782984,0.9972826213680203,0.0057823042873543775,2.0631229597414125,0.0009093689536123547,1.9162986584748043,0.010346004575977653,0.958830956948965,0.0037577203646446317,4.134303086169628,0.30067442649904624,0.04487192882434825,0.029980139630208322,1.8571623965882034,0.028536262319059376,1.7613240658026783,0.16112355419646665,12.707780749200195,0.2784536083091133,0.5449463446057841,0.01806425961803459,1.518247374568484,0.01208779483974082,1.2467705718125215,0.185782029243984,2.1953877284363674,0.014414195123619022,2.5807273299315043,0.02296627135364666,1.8341704361278257,0.1427577926112144,0.12026089484440378,0.03945029224496962,0.11442689123985636,0.04635732541572214,0.040609626577742516,0.11408505171482959,15
0,7,$^{4}A_{1}$,-8547.350045062423,0.04524345502485143,2.705719336385273,0.04524345502485143,3.7078079473059837,0.5585169568416595,0.29923129453373665,0.9948154927416386,0.0019602082239286046,2.022830442739521,0.0003772487076960073,1.9457899417086137,0.0036923832569327386,-0.0562398323339139,0.001543737001928958,3.237164712991257,0.10361170948621434,1.65229345275629,0.005940125212965876,1.123394967185083,0.008774615871645604,0.5559554192975726,0.056955086408660816,12.52153868600416,0.08709426042320119,0.5390768555709946,0.008279738529810635,1.7375969173365884,0.0025726649313447983,1.6010077348110217,0.04092648208196195,2.042037286822692,0.003759031270371329,2.005645823435619,0.007572555839463748,1.9615987144883738,0.0641623257969911,0.03038993838975261,0.036037892175287085,-0.622843443287772,0.011489865654835693,-0.02927760020542674,0.06789387263064937,16
0,25,$^{2}E$,-8547.152981289719,0.07803947397480156,2.902783109089425,0.07803947397480156,0.6708879338390155,-0.27963488169669154,0.2992289973581428,0.6004917422485478,0.004089770884965085,2.544639612634853,0.0007309887291744242,1.8168415316833126,0.007524494555513694,0.7944265310744865,0.002548751407142803,4.851401620071151,0.3396180699467501,1.7032364743103883,0.031161567180617092,1.772176329622009,0.013701751701255444,1.0173507246973252,0.16514918393762953,12.685524054947493,0.23570224106805082,0.46166099220123497,0.042954765229402635,2.721792720835619,0.004899643735499214,1.6542564442931864,0.15706752074833555,1.2806046594807532,0.027981747235221212,2.5696188105782842,0.012974840064266453,1.162976415797645,0.14850085889147627,-0.21052358553425746,0.021493135544362753,-0.40421702814743554,0.027990071373018795,-0.07855354153357838,0.2492091922689433,17
0,24,$^{2}E$,-8547.152981289719,0.07803947397480156,2.902783109089425,0.07803947397480156,0.7821917983706292,-0.27958389621862684,-0.2994296925763006,0.6004917422485478,0.004089770884965085,2.544639612634853,0.0007309887291744242,1.8168415316833126,0.007524494555513694,0.7944265310744865,0.002548751407142803,4.851401620071151,0.3396180699467501,1.7032364743103883,0.031161567180617092,1.772176329622009,0.013701751701255444,1.0173507246973252,0.16514918393762953,12.685524054947493,0.23570224106805082,0.46166099220123497,0.042954765229402635,2.721792720835619,0.004899643735499214,1.6542564442931864,0.15706752074833555,1.2806046594807532,0.027981747235221212,2.5696188105782842,0.012974840064266453,1.162976415797645,0.14850085889147627,-0.21052358553425746,0.021493135544362753,-0.40421702814743554,0.027990071373018795,-0.07855354153357838,0.2492091922689433,18
0,35,$^{2}A_{1}$,-8547.032064347273,0.12122399077505627,3.0237000515351777,0.12122399077505627,0.7461030356786402,0.5577017181645463,0.2992949456949983,0.9982292089867045,0.006040941309856246,2.039019266362395,0.0007817564342497153,1.95102294989535,0.009825132146372682,1.9058625019230435,0.0034945190403144707,5.400741665850648,0.2260297745292461,0.7040331890875278,0.007746701996377623,2.411863669317885,0.012251122454894812,1.5112368964734204,0.12275949129776735,12.769862411421595,0.19951831443719742,0.6178054989494822,0.03281029504121438,1.9763685733102445,0.0021564101903819915,1.8063999792022165,0.11931670512440051,2.035626921144171,0.007255005509090387,2.4954879576345848,0.013740024516900866,1.8279877123760713,0.12787764921709796,0.13982304034574572,0.015233016719865813,0.3776390106201704,0.01731185227985546,-0.09657125311041913,0.12494041677504977,19
0,26,$^{2}A_{2}$,-8546.990689893271,0.11176252083518967,3.0650745055364097,0.11176252083518967,1.0803745784892378,0.3652402137607499,-0.29931585990522663,0.8589425561381011,0.006530210611854684,2.2479400066352966,0.0009383649856202916,1.860030192893888,0.010135471281921533,1.4759288702781967,0.003921496941817581,4.855524114470024,0.28946832672704587,1.1460000937194397,0.019412784542761238,1.4918462148794789,0.024776668371932056,0.996026336348478,0.14343970869976203,12.389939467957277,0.2510588812872161,0.48992960436211813,0.030532462119144118,2.3796294187636686,0.005300841566739759,1.7294834599048905,0.15753770198111242,1.914109335086636,0.01233100734363309,2.722103439518507,0.02293762586130184,1.4828751816561179,0.1795473260873271,-0.09067707192632943,0.012501954099198402,0.03723690954690973,0.021131642932047966,-0.022528669187044048,0.1510459121423741,20
0,32,$^{2}E$,-8546.927801044721,0.08428252059983982,3.127963354087097,0.08428252059983982,0.9212368325710933,-0.27953370608304495,-0.29762716283432844,0.7107284483839469,0.0038253417508178084,2.32403407809817,0.001471580300377061,1.9120191224101042,0.0075887819049973914,0.5262421901767782,0.0036253415000196214,5.849772103847995,0.38231569865512904,1.5368473604892119,0.1522804014709935,1.5556361789157265,0.0833999691375095,1.2616073481677563,0.19856430700765518,12.593222161143862,0.35171125160032224,0.743414765203402,0.17353083304421577,2.307608528151361,0.04085661064107607,2.013089234018816,0.12190811601205655,1.4867521382874027,0.1508906242330881,2.794822896753772,0.08358211147790755,1.1373375276667073,0.20332718578332518,0.07427133282601997,0.034521856504745776,-0.1717998017703593,0.0844614616747688,-0.23354161465831488,0.15237309129457913,21
0,22,$^{2}E$,-8546.927801044721,0.08428252059983982,3.127963354087097,0.08428252059983982,-0.26031000134812743,-0.2788888130463916,0.2990672742187941,0.7107284483839469,0.0038253417508178084,2.32403407809817,0.001471580300377061,1.9120191224101042,0.0075887819049973914,0.5262421901767782,0.0036253415000196214,5.849772103847995,0.38231569865512904,1.5368473604892119,0.1522804014709935,1.5556361789157265,0.0833999691375095,1.2616073481677563,0.19856430700765518,12.593222161143862,0.35171125160032224,0.743414765203402,0.17353083304421577,2.307608528151361,0.04085661064107607,2.013089234018816,0.12190811601205655,1.4867521382874027,0.1508906242330881,2.794822896753772,0.08358211147790755,1.1373375276667073,0.20332718578332518,0.07427133282601997,0.034521856504745776,-0.1717998017703593,0.0844614616747688,-0.23354161465831488,0.15237309129457913,22
0,19,$^{2}A_{1}$,-8546.886274302737,0.11435560555508562,3.169490096071728,0.11435560555508562,0.9801933373957041,0.5590082478363222,0.2995380090278269,0.7318357875308833,0.0063669486947203965,2.468857258898904,0.0012807703282685884,1.751405654349151,0.01020013055235668,0.18819694778846857,0.0037414190531459075,4.539343363947897,0.24668223480097487,1.5320693186946468,0.023926250060037735,1.191419768989839,0.02485200363947356,1.1925680373779382,0.16349519825204017,12.374943176635616,0.22848092396069458,0.48817731852926943,0.03050790797319263,2.6878852222520866,0.005629640739254788,1.5523338140996679,0.11420123904549428,1.7285315685453275,0.0285509972697864,2.223620433610023,0.02795813946520553,1.3395432057274563,0.1477431965541692,-0.2589435324287521,0.032000358676813175,-0.6860825641810581,0.03757880467336335,-0.09438774866966386,0.10726453046739248,23
0,21,$^{2}E$,-8546.80481530048,0.07828308244092944,3.2509490983283538,0.07828308244092944,1.614097796574054,-0.2783038104113376,0.2991331184339515,0.7401253970209172,0.0044966964970598175,2.291257597720661,0.0005672619927507613,1.930646919983857,0.007469711036238041,0.24494565861063639,0.0034733991974575133,4.219613332996298,0.30043607310644466,1.2845211049179546,0.014087455002352553,1.2838647549561126,0.012873775695070783,1.0309092060780018,0.25918486796109297,12.578071591369534,0.19655764367808112,0.580649351428713,0.038256976584342295,2.3780815195674814,0.0016335601372137831,1.8482089387402403,0.09536352839371008,1.0830919636089784,0.009023580158440526,2.8420477227297143,0.014818144501345727,1.6135087875368481,0.1424042342536653,-0.7439982216541284,0.018954228250550317,-0.23412158207897282,0.015516655771212601,0.1233724903153128,0.13788728028841754,24
0,20,$^{2}E$,-8546.80481530048,0.07828308244092944,3.2509490983283538,0.07828308244092944,0.9481948656257515,-0.28055221513826717,-0.29936417269253945,0.7401253970209172,0.0044966964970598175,2.291257597720661,0.0005672619927507613,1.930646919983857,0.007469711036238041,0.24494565861063639,0.0034733991974575133,4.219613332996298,0.30043607310644466,1.2845211049179546,0.014087455002352553,1.2838647549561126,0.012873775695070783,1.0309092060780018,0.25918486796109297,12.578071591369534,0.19655764367808112,0.580649351428713,0.038256976584342295,2.3780815195674814,0.0016335601372137831,1.8482089387402403,0.09536352839371008,1.0830919636089784,0.009023580158440526,2.8420477227297143,0.014818144501345727,1.6135087875368481,0.1424042342536653,-0.7439982216541284,0.018954228250550317,-0.23412158207897282,0.015516655771212601,0.1233724903153128,0.13788728028841754,25
0,15,$^{4}E$,-8546.732493006371,0.07765611938391377,3.3232713924366717,0.07765611938391377,3.6384458265043946,-0.27890043841097956,-0.29909110293894337,1.3263413606183962,0.0035470880344718684,1.9039231538378023,0.0010551419657924995,1.7331837766329046,0.0071624408431047335,-0.17374248552094468,0.0027542046471105384,4.02795139819303,0.15719119200844356,1.0109679533136169,0.0076033953965866895,1.1826925273931501,0.015509934738524451,0.48220685144011577,0.07790968698351865,12.485602791432918,0.13733548116418595,1.0198164294471845,0.012056610745861904,1.8662901116600585,0.0023428634078056627,1.1917088141908267,0.08080106888654817,2.3525881191003233,0.010887441097802363,2.110021580586281,0.013496930821007419,2.2935276132236466,0.07868843032192555,0.023679903235565944,0.009688707318859617,-0.15667911938205875,0.017192585376332527,-0.08970144963884534,0.10007286165616766,26
0,14,$^{4}E$,-8546.732493006371,0.07765611938391377,3.3232713924366717,0.07765611938391377,3.460718474795204,-0.27804975870619003,0.29943504671251964,1.3263413606183962,0.0035470880344718684,1.9039231538378023,0.0010551419657924995,1.7331837766329046,0.0071624408431047335,-0.17374248552094468,0.0027542046471105384,4.02795139819303,0.15719119200844356,1.0109679533136169,0.0076033953965866895,1.1826925273931501,0.015509934738524451,0.48220685144011577,0.07790968698351865,12.485602791432918,0.13733548116418595,1.0198164294471845,0.012056610745861904,1.8662901116600585,0.0023428634078056627,1.1917088141908267,0.08080106888654817,2.3525881191003233,0.010887441097802363,2.110021580586281,0.013496930821007419,2.2935276132236466,0.07868843032192555,0.023679903235565944,0.009688707318859617,-0.15667911938205875,0.017192585376332527,-0.08970144963884534,0.10007286165616766,27
0,34,$^{2}E$,-8546.666287638993,0.0850799840329557,3.3894767598151985,0.0850799840329557,0.6682466813415431,-0.27937805650371866,-0.29946009480512853,0.6965470136913051,0.005050939363074496,2.467901995098642,0.0006518449286645354,1.7994042018014604,0.007283979388721355,0.6333785586719864,0.002464266240040517,5.474375187332754,0.1920429431836465,1.3899698426212765,0.011097733460247597,1.50609362242015,0.010330429722981545,1.406927103307111,0.10656168815137372,12.660490031263222,0.16177134391704245,0.5347216104655053,0.05701658046319107,2.69766758702207,0.005008812331687897,1.8611570846511627,0.08633234750482026,1.4701328743465172,0.011981729984010914,2.6951199630954648,0.007544014230777723,1.2534639796271614,0.10494743435023186,0.2897623152649727,0.02142880934418811,-0.15543495582064157,0.026837767588422285,-0.282143633055882,0.10400067285579732,28
0,31,$^{2}E$,-8546.666287638993,0.0850799840329557,3.3894767598151985,0.0850799840329557,0.4456954089714955,-0.27826815221923107,0.29831282463704845,0.6965470136913051,0.005050939363074496,2.467901995098642,0.0006518449286645354,1.7994042018014604,0.007283979388721355,0.6333785586719864,0.002464266240040517,5.474375187332754,0.1920429431836465,1.3899698426212765,0.011097733460247597,1.50609362242015,0.010330429722981545,1.406927103307111,0.10656168815137372,12.660490031263222,0.16177134391704245,0.5347216104655053,0.05701658046319107,2.69766758702207,0.005008812331687897,1.8611570846511627,0.08633234750482026,1.4701328743465172,0.011981729984010914,2.6951199630954648,0.007544014230777723,1.2534639796271614,0.10494743435023186,0.2897623152649727,0.02142880934418811,-0.15543495582064157,0.026837767588422285,-0.282143633055882,0.10400067285579732,29
0,23,$^{2}E$,-8546.662948790865,0.08742226898250798,3.3928156079429863,0.08742226898250798,-0.07016096378622194,-0.2783787057121196,-0.2988839921572568,0.9294300143317167,0.004017227442203702,2.230477567694077,0.00048248739718156946,1.8179052096633619,0.007057773290517637,0.7395643185413845,0.002437198978368556,6.391587078691094,0.9109934724454238,2.0859187118511695,0.6659232173574873,1.8362693294603527,0.17269331605114538,1.5164054030401357,0.39488193438443103,11.783913525990174,0.8567261986540018,0.6777504861119374,0.04276759311988692,2.2575853658755984,0.16245356987134907,1.6537619966070987,0.21169640521670519,1.3385513412700178,0.6670331403002017,2.265326882262501,0.1709455952596681,1.3468399097332457,0.4027028979662549,-0.06706309827449335,0.42975548474944614,-0.03043606027816525,0.2236132188974957,-0.08927157593978993,0.4951626178196856,30
0,33,$^{2}E$,-8546.662948790865,0.08742226898250798,3.3928156079429863,0.08742226898250798,0.5514969378162178,-0.2791778926837717,0.29958036355251655,0.9294300143317167,0.004017227442203702,2.230477567694077,0.00048248739718156946,1.8179052096633619,0.007057773290517637,0.7395643185413845,0.002437198978368556,6.391587078691094,0.9109934724454238,2.0859187118511695,0.6659232173574873,1.8362693294603527,0.17269331605114538,1.5164054030401357,0.39488193438443103,11.783913525990174,0.8567261986540018,0.6777504861119374,0.04276759311988692,2.2575853658755984,0.16245356987134907,1.6537619966070987,0.21169640521670519,1.3385513412700178,0.6670331403002017,2.265326882262501,0.1709455952596681,1.3468399097332457,0.4027028979662549,-0.06706309827449335,0.42975548474944614,-0.03043606027816525,0.2236132188974957,-0.08927157593978993,0.4951626178196856,31
0,13,$^{4}A_{2}$,-8546.654444522,0.09632068636845724,3.4013198768068005,0.09632068636845724,3.0063715357271192,0.5583185983643101,-0.29928927822595647,0.9968991596232739,0.0054010834354151945,2.324061804522712,0.0012263602106584893,1.641021542937951,0.00959116409757879,-1.180257924762353,0.004318861660613224,4.739782448286233,0.3284283119089663,0.24033545828683905,0.027996534684886058,1.4488864697897879,0.02507548529438393,0.8713503057351628,0.19791643270489706,12.690692551585336,0.294851713394885,0.5167194331249124,0.022631957169954177,2.0866960867240536,0.003659838124247319,2.0431721248792494,0.1646651851501636,2.3901956669250506,0.04366497820612961,2.653620358741012,0.048995561031355224,1.5720920443027675,0.20875773190456834,-0.07175513710353454,0.020174942972591304,0.05871830929486979,0.013983802393518801,0.016323487058232184,0.15310300347624928,32
0,40,$^{2}A_{2}$,-8546.338541394067,0.1376314683027053,3.717223004741476,0.1376314683027053,1.3139502038551463,0.5561433117258056,-0.2991632599262268,0.7896915563501706,0.006093990464125065,2.1065138656609497,0.0009657082137888737,2.083217827571419,0.010096258150608424,0.6334118860607166,0.003982556309655284,5.206153192603998,0.628248422735951,2.1081993484574344,0.008232632028219888,1.2351059505212156,0.021138829277375547,1.207964982789193,0.22227126123730712,12.73578112090513,0.2992559573940035,0.287132483083876,0.07459615676569564,1.7740651574492972,0.0013377316534403348,2.427258804768047,0.18040871950559748,1.5362395702501164,0.009360188209689474,3.067315508527869,0.006243728436773768,1.7130857172707092,0.2024449251426103,-0.01597424111353138,0.31721241166641434,0.061956514650236695,0.030027672513155926,0.4222990232686116,0.5740849527773523,33
0,29,$^{2}A_{1}$,-8546.336933253684,0.1160929272269594,3.718831145123094,0.1160929272269594,1.2666208905338046,0.5583096975357948,0.29879092901091114,0.9676805773919865,0.006609355233243875,2.1000167757596175,0.0014663662576073727,1.9016038502275103,0.011255098816038119,-0.05517034420873665,0.005567580144909519,3.9870304685079874,0.6969917317014807,1.4935121001139344,0.06380722728052836,1.4878793036207378,0.020887155313215063,0.39190300655519134,0.32689952128293304,13.150547618479456,0.484383523207625,0.32180726104243,0.16668891734991637,2.056260195685139,0.004507826957102145,1.8799684541851387,0.17367193445822382,2.3207699767221737,0.06261582555608428,1.9109786159456028,0.02017849102831242,2.120332897578694,0.38681411293149015,0.6841140052818837,0.24690989105392924,-0.677125519047272,0.03129923962872741,-0.12437336584483237,0.5592388286814071,34
0,39,$^{2}E$,-8546.281839396957,0.07585655220163755,3.773925001851578,0.07585655220163755,0.8641547776087819,-0.2787536730709605,0.29906163423340826,1.116925675480909,0.004025686750196367,2.0303607299824327,0.000579967144187586,1.8234225000680817,0.007671611748846778,1.0749438825135438,0.0029368056740904287,5.565099424377704,0.2390624873462376,1.4646940371935282,0.056980363674643236,2.0368015224490734,0.01584407502841049,0.9812163830694447,0.11912297815952487,12.152763378670782,0.1916454193355686,1.0617051156334543,0.043187723043560194,2.059587710333238,0.0038018192952637584,1.8255828499052051,0.107684442164148,1.2411972227080539,0.03086696697067091,1.865525415540406,0.011158732978373375,1.923432928152522,0.11887360335871734,0.12597709655106176,0.017071317424386865,-0.11973348810995454,0.020033829490237035,-0.08159255890319711,0.1585413613987874,35
0,38,$^{2}E$,-8546.281839396957,0.07585655220163755,3.773925001851578,0.07585655220163755,1.7852333126883764,-0.2776922307692701,-0.29965983183876027,1.116925675480909,0.004025686750196367,2.0303607299824327,0.000579967144187586,1.8234225000680817,0.007671611748846778,1.0749438825135438,0.0029368056740904287,5.565099424377704,0.2390624873462376,1.4646940371935282,0.056980363674643236,2.0368015224490734,0.01584407502841049,0.9812163830694447,0.11912297815952487,12.152763378670782,0.1916454193355686,1.0617051156334543,0.043187723043560194,2.059587710333238,0.0038018192952637584,1.8255828499052051,0.107684442164148,1.2411972227080539,0.03086696697067091,1.865525415540406,0.011158732978373375,1.923432928152522,0.11887360335871734,0.12597709655106176,0.017071317424386865,-0.11973348810995454,0.020033829490237035,-0.08159255890319711,0.1585413613987874,36
0,18,$^{4}E$,-8546.14638900941,0.0850578909638464,3.9093753894004757,0.0850578909638464,3.5851993517615846,-0.2803861696489526,-0.29893277890959874,0.9598637071549787,0.006669443698981301,1.5872478126394773,0.0009702910565902282,2.414688781880767,0.00750476797472224,-0.4760021905473324,0.0029484414862785725,3.768658683691797,0.1560559671565827,1.0253827561759188,0.0065323710833569415,0.9135344777209449,0.014990062436612718,0.8327096678087134,0.08882423790843663,12.436654563711798,0.13194539999022425,0.7859945005771205,0.027507586633294386,1.2795131807409352,0.0024068725782841124,2.289908331461575,0.06877583170957151,1.1559715254578338,0.007673946277777778,2.4459620680187384,0.0155183532672054,2.201659436854598,0.08805180430024881,0.26779195710069603,0.045076362344334896,-0.16907268532469705,0.015443538556574602,-0.12836678214607689,0.09160609309274843,37
0,17,$^{4}E$,-8546.14638900941,0.0850578909638464,3.9093753894004757,0.0850578909638464,3.6954260038416447,-0.27920686200661426,0.2990232604974328,0.9598637071549787,0.006669443698981301,1.5872478126394773,0.0009702910565902282,2.414688781880767,0.00750476797472224,-0.4760021905473324,0.0029484414862785725,3.768658683691797,0.1560559671565827,1.0253827561759188,0.0065323710833569415,0.9135344777209449,0.014990062436612718,0.8327096678087134,0.08882423790843663,12.436654563711798,0.13194539999022425,0.7859945005771205,0.027507586633294386,1.2795131807409352,0.0024068725782841124,2.289908331461575,0.06877583170957151,1.1559715254578338,0.007673946277777778,2.4459620680187384,0.0155183532672054,2.201659436854598,0.08805180430024881,0.26779195710069603,0.045076362344334896,-0.16907268532469705,0.015443538556574602,-0.12836678214607689,0.09160609309274843,38
0,45,$^{2}A_{1}$,-8546.04158093696,0.12473099235319565,4.014183461847669,0.12473099235319565,0.7682818017920034,0.5581925062321241,0.29898829844920094,0.880631251628756,0.0075817169554650635,2.0834861546435013,0.0011462899338761311,2.00556768399577,0.009764818768167224,0.21342194875898107,0.004350684048880608,5.523762208752969,0.2587428184280335,1.2834153721286548,0.018803732718278402,1.648225063394264,0.020027152992834918,1.3828904478278123,0.1544633656319893,12.610897516338754,0.21645276883914777,0.4462372829293235,0.029565875568672396,2.2735208150124873,0.005512407997851662,2.148199580272343,0.11737740631378417,1.843546586040603,0.016799331280038195,2.486821429444415,0.022596493222773104,1.7769654661502807,0.14160584498214665,0.3980550390830544,0.013128146723713277,-0.6161954510272107,0.010369840307169849,-0.2690519826155516,0.15997020800984066,39
0,43,$^{2}E$,-8545.907011924064,0.09270066729749052,4.148752474744498,0.09270066729749052,0.8086489137615658,-0.27911560705260835,0.2994315489376272,1.0463284488741618,0.003803869191289346,2.1853913036620503,0.0008925816967295435,1.7431459278232144,0.007476055368113885,0.23381641845379883,0.0031091794534325373,5.328701432482321,0.24133622617012906,1.2415784408832233,0.008579912194156719,1.5269740090832227,0.01490074305568312,1.529418664303074,0.11321758373807053,12.607705124275213,0.16979798409191127,0.7962814142371997,0.02060938621753705,2.252486749397524,0.012355213967375043,1.580100645838247,0.1049595530049746,2.02472819179585,0.01574624648068348,2.422284512255472,0.0155298876854978,1.6508495331846746,0.10065361055605032,0.12447706407512049,0.10601489942426275,-0.2545255729655638,0.030195652346425052,-0.2354572866150742,0.1756335714725714,40
0,42,$^{2}E$,-8545.907011924064,0.09270066729749052,4.148752474744498,0.09270066729749052,0.8193745788069506,-0.27875506190419985,-0.2991431851213786,1.0463284488741618,0.003803869191289346,2.1853913036620503,0.0008925816967295435,1.7431459278232144,0.007476055368113885,0.23381641845379883,0.0031091794534325373,5.328701432482321,0.24133622617012906,1.2415784408832233,0.008579912194156719,1.5269740090832227,0.01490074305568312,1.529418664303074,0.11321758373807053,12.607705124275213,0.16979798409191127,0.7962814142371997,0.02060938621753705,2.252486749397524,0.012355213967375043,1.580100645838247,0.1049595530049746,2.02472819179585,0.01574624648068348,2.422284512255472,0.0155298876854978,1.6508495331846746,0.10065361055605032,0.12447706407512049,0.10601489942426275,-0.2545255729655638,0.030195652346425052,-0.2354572866150742,0.1756335714725714,41
0,37,$^{4}E$,-8545.65957792887,0.0822644753718147,4.396186469939385,0.0822644753718147,3.861183887184179,-0.2798175525919011,0.29890612391630034,0.9702636618548505,0.004336491600720794,1.911008523776661,0.0008500044646568557,2.0882029584062956,0.007147397664998686,-0.45792903107225275,0.0027410933577571173,5.005025397927923,0.16644786522718538,0.911602577716154,0.015391497249493678,0.8209722669324101,0.01780212474533879,1.3056698926092394,0.08941152642732607,12.545912660899164,0.1480309110483395,0.8685375046655708,0.028010207244868107,1.3596035041675663,0.0027745884206198464,2.062260112365859,0.08285693250973818,1.854868203513616,0.012691638181897223,2.5918509656928492,0.015548565243615895,1.3100357298792942,0.09476506184318242,-0.06105717285516432,0.018153648552824513,0.08629349807667863,0.017678520050107883,0.7390119176417849,0.09246875562858836,42
0,36,$^{4}E$,-8545.65957792887,0.0822644753718147,4.396186469939385,0.0822644753718147,3.5486358426585447,-0.2786910376873977,-0.29916211492588907,0.9702636618548505,0.004336491600720794,1.911008523776661,0.0008500044646568557,2.0882029584062956,0.007147397664998686,-0.45792903107225275,0.0027410933577571173,5.005025397927923,0.16644786522718538,0.911602577716154,0.015391497249493678,0.8209722669324101,0.01780212474533879,1.3056698926092394,0.08941152642732607,12.545912660899164,0.1480309110483395,0.8685375046655708,0.028010207244868107,1.3596035041675663,0.0027745884206198464,2.062260112365859,0.08285693250973818,1.854868203513616,0.012691638181897223,2.5918509656928492,0.015548565243615895,1.3100357298792942,0.09476506184318242,-0.06105717285516432,0.018153648552824513,0.08629349807667863,0.017678520050107883,0.7390119176417849,0.09246875562858836,43
0,47,$^{2}E$,-8545.594627852843,0.08419910001136675,4.461136545964521,0.08419910001136675,0.811991475820701,-0.2787306983312269,0.29915362634453546,1.1220487115303364,0.0038270494757375144,1.9675515446764278,0.0008867855805790876,1.875273416360792,0.008346261828646818,0.008006510770662278,0.0030936313224601644,5.525793100078989,0.20077890709500748,1.0702439461129272,0.009229064250958516,0.8940614069993509,0.01986250579009947,1.1338320462255127,0.08806461903503265,12.552386814145907,0.16048625034509514,0.8669736622494574,0.01780679942332273,2.0928691520401617,0.009779700425580972,2.068430550317026,0.10996476017557691,2.161304412978648,0.00962748039258898,3.0789872975073678,0.018241077902305038,1.9278565367963014,0.0852952761683697,-0.01469382170066659,0.008477912716940513,-0.03452577495774021,0.046453063433512826,0.12812787920602112,0.11569202365761529,44
0,48,$^{2}E$,-8545.594627852843,0.08419910001136675,4.461136545964521,0.08419910001136675,0.739929557084885,-0.27935114985271936,-0.2994046187424888,1.1220487115303364,0.0038270494757375144,1.9675515446764278,0.0008867855805790876,1.875273416360792,0.008346261828646818,0.008006510770662278,0.0030936313224601644,5.525793100078989,0.20077890709500748,1.0702439461129272,0.009229064250958516,0.8940614069993509,0.01986250579009947,1.1338320462255127,0.08806461903503265,12.552386814145907,0.16048625034509514,0.8669736622494574,0.01780679942332273,2.0928691520401617,0.009779700425580972,2.068430550317026,0.10996476017557691,2.161304412978648,0.00962748039258898,3.0789872975073678,0.018241077902305038,1.9278565367963014,0.0852952761683697,-0.01469382170066659,0.008477912716940513,-0.03452577495774021,0.046453063433512826,0.12812787920602112,0.11569202365761529,45
0,49,$^{2}A_{1}$,-8545.576285443465,0.13359267758207996,4.479478955343231,0.13359267758207996,0.9485806302367799,0.5588993155019644,0.2995343563908108,0.9211273992196801,0.005174119927433871,2.257707554544589,0.0012744538371867568,1.780070908641434,0.009448483543882774,0.34209608321595175,0.003720588400990859,5.751684220874139,0.30819471459511477,1.8014046355141167,0.052446144091487644,2.150511811522725,0.010969988131505359,0.9630877961007642,0.20276256027698597,12.65455245359,0.27959131807310955,0.5170067576668179,0.08586028482402208,2.3019288423897577,0.006196759926987533,1.5545332198338402,0.11887423337926081,1.9488323537633194,0.017615113890903734,2.115637551103883,0.015930136429083263,1.7083669299060888,0.20560794637610352,-0.2637555122490041,0.014583039409830663,-0.5332742568521347,0.014016793933436926,-0.01816298661122666,0.13851926825227157,46
0,46,$^{2}A_{2}$,-8545.507548546928,0.11291027280967643,4.548215851879777,0.11291027280967643,1.376619574182623,0.5581755549549722,-0.29909709997101175,1.1321283344370099,0.005522383321609402,2.0240860294691814,0.0011057449251495612,1.7921539786573328,0.009675082577513481,-0.12195840236502678,0.0045290562015107795,4.8955478672265595,0.31245469476855503,1.1217573394828206,0.028340364617185025,1.176797701343023,0.038101295614953054,1.7935463923769732,0.13761615461427232,12.331447182388885,0.22618714390273262,0.852662220672161,0.0498013495760642,2.1375069607445476,0.010058200275282793,1.5285449643050142,0.14058851105928094,2.2336635522142876,0.014599586014427518,2.443921073031948,0.025517658967640723,1.6612205523567365,0.130400168463516,-0.15816024847323235,0.0650211227148206,-0.05291630454497147,0.0222775899046618,0.27201190751212845,0.23520425440672435,47
0,50,$^{2}A_{2}$,-8545.363136887989,0.137189608966217,4.692627510819514,0.137189608966217,0.9487270345460317,0.5579572072688821,-0.29904207701234203,1.4443059781597734,0.008454888396233382,1.6674128117284441,0.0013840865415881054,1.8439539774497313,0.013932070339679647,0.008885211418346323,0.0055884761112984585,5.304874397415447,0.3302136539054238,1.5042382156545255,0.02122354691305776,1.2412481425982298,0.043956659985667446,0.8883482491534339,0.13288335995147393,12.972691763583343,0.25804655224780837,1.2458928277156647,0.025274336077779753,1.583052582719088,0.022605720988535326,1.809006630794085,0.18040308516545686,2.1640571284298558,0.006856763454366534,2.1781352546552295,0.017273033093098977,2.8080618901162513,0.1284464031727377,-0.07758887306628312,0.046286842425157494,0.13174574566031527,0.0317833293771446,-0.13127990172541912,0.21828757966475446,48
0,52,$^{2}E$,-8545.315230805581,0.12586691635629574,4.740533593226496,0.12586691635629574,1.3504303850826922,-0.279273141468924,-0.29875083947503644,1.1691850448120884,0.00545723935559441,1.6729044601823841,0.0009926889132106664,2.1082613403540567,0.00945271850180737,0.2895090980021332,0.0035427900000584655,5.428133591572758,0.25490640222598127,1.2034451844149674,0.012180326585194681,1.2558128970547267,0.026578854462269118,1.4343155377278471,0.11254533257215726,12.41448674756461,0.1836230381070983,0.8364825630502035,0.018803572438699054,1.5067483769350547,0.003481976833143345,2.160804637597655,0.11111078259940237,1.7903717565327333,0.011854840553965757,2.2227920090644036,0.01778133184066937,2.458640714507701,0.115645324768432,-0.23722308344493442,0.09328302249404401,0.09334992015170712,0.0181818359738622,-0.06221278724519638,0.19192474753676406,49
0,51,$^{2}E$,-8545.315230805581,0.12586691635629574,4.740533593226496,0.12586691635629574,0.8030971614818476,-0.27722614767168047,0.2990649099378823,1.1691850448120884,0.00545723935559441,1.6729044601823841,0.0009926889132106664,2.1082613403540567,0.00945271850180737,0.2895090980021332,0.0035427900000584655,5.428133591572758,0.25490640222598127,1.2034451844149674,0.012180326585194681,1.2558128970547267,0.026578854462269118,1.4343155377278471,0.11254533257215726,12.41448674756461,0.1836230381070983,0.8364825630502035,0.018803572438699054,1.5067483769350547,0.003481976833143345,2.160804637597655,0.11111078259940237,1.7903717565327333,0.011854840553965757,2.2227920090644036,0.01778133184066937,2.458640714507701,0.115645324768432,-0.23722308344493442,0.09328302249404401,0.09334992015170712,0.0181818359738622,-0.06221278724519638,0.19192474753676406,50
0,61,$^{4}A_{2}$,-8545.301794503677,0.16451085119523015,4.753969895131446,0.16451085119523015,3.7201074532283567,0.5583711037475801,-0.2989523660708138,0.9794842157262038,0.011194234108097246,1.87119528846054,0.0018543002150581687,2.1105590410990436,0.013783070762207042,0.04435402952383465,0.005761993299859739,5.410499824388178,0.3140046053229646,0.5605702133726876,0.001648218865045856,1.2418549132450498,0.03405086194081146,0.30178037828352844,0.21065903825229634,12.73196133555,0.29170041772752564,0.4700785941361729,0.0258327237495813,2.0466800747377003,0.0018330718699373476,1.9485632006354048,0.16932996683410984,2.1828319315380194,0.017703318669234247,2.6543613869369524,0.023802524722060955,2.161032494154452,0.18295005716265253,0.05839245968052985,0.016261713129149088,0.22436257377799487,0.018266761454316712,-0.10207283817936524,0.11708421127594483,51
0,67,$^{2}A_{2}$,-8545.240287202405,0.16631596795419518,4.815477196402957,0.16631596795419518,0.9186513671708667,0.5574171676518139,-0.2994776520714291,0.8356403401997418,0.006213394914383435,2.3280397863028233,0.0014530990504462115,1.8284472094255688,0.013675486655629739,-0.649862481111247,0.0051795592157723135,6.427186973710683,0.3426226302112069,1.2845364666184582,0.02694643939678236,1.290659404166878,0.042585976420817906,2.104061089004717,0.200952830940766,12.137960424637509,0.3004510308511785,0.343812388339797,0.08327726363089526,2.4060473516436325,0.010562289477368137,1.7397477114574864,0.16127568445693413,1.9683023754722209,0.02605430978818251,2.840455653426739,0.041478627324426164,1.1624869493953989,0.19202067527308495,-0.19826651078375992,0.016643160572706983,0.06612041566123492,0.02433041571955456,-0.1506598919009878,0.174039949173055,52
0,44,$^{2}A_{2}$,-8545.233129183982,0.11476988840183265,4.822635214826446,0.11476988840183265,0.597569796994101,0.5584503103911476,-0.29912975446974926,1.1145138700314647,0.006501725265519704,2.2890629817784616,0.0008248300006955348,1.5648055751069123,0.010460402510288121,-1.1184451806774316,0.005111795563021211,5.688759349737875,0.34501994741249525,1.650181303752725,0.025723505315435966,1.4085604217241459,0.02506675522603953,1.0151309847815735,0.21317255253297782,12.335864905306497,0.23678582597387363,0.7235692612922754,0.05203223703049872,2.2986574254617276,0.003518554624754782,1.4741803054598224,0.11772769616697608,2.4647169604941928,0.023069678067780985,2.5009710634039464,0.019441554830384417,1.6444553527474974,0.17769955011482522,0.23623421359031455,0.0362808547158958,0.06141009726462347,0.018873352973286975,0.030783098632413727,0.24286961558491602,53
0,56,$^{2}E$,-8545.211993257537,0.1271507304926088,4.8437711412718985,0.1271507304926088,0.7168737596460311,-0.2807132309069586,0.29947956859197705,1.1072729192611441,0.005101435532507275,1.8782947860334787,0.001146148917933896,1.9956095964880036,0.009798399266602809,-0.14768599780155836,0.004011047099126001,6.134362087651608,0.26872668870923816,1.2636973829749307,0.019860132294217667,1.4050636898848337,0.035169510018670976,1.3676251147890235,0.12138013122078829,12.284639449906727,0.23705467909413044,1.0108110172656806,0.0447398896054446,1.8965197433547933,0.004249744888174949,2.137936096496163,0.16255790469908368,1.7944964441051434,0.01373376596734685,2.4385567624278393,0.02145471563065975,1.8145606518247805,0.10968895262258728,0.2604893859929528,0.02069415912660503,-0.005149477486384696,0.05281341664143902,-0.5389660715796688,0.12991021807889053,54
0,57,$^{2}E$,-8545.211993257537,0.1271507304926088,4.8437711412718985,0.1271507304926088,0.5501332414125528,-0.2801295963709642,-0.2993227373228394,1.1072729192611441,0.005101435532507275,1.8782947860334787,0.001146148917933896,1.9956095964880036,0.009798399266602809,-0.14768599780155836,0.004011047099126001,6.134362087651608,0.26872668870923816,1.2636973829749307,0.019860132294217667,1.4050636898848337,0.035169510018670976,1.3676251147890235,0.12138013122078829,12.284639449906727,0.23705467909413044,1.0108110172656806,0.0447398896054446,1.8965197433547933,0.004249744888174949,2.137936096496163,0.16255790469908368,1.7944964441051434,0.01373376596734685,2.4385567624278393,0.02145471563065975,1.8145606518247805,0.10968895262258728,0.2604893859929528,0.02069415912660503,-0.005149477486384696,0.05281341664143902,-0.5389660715796688,0.12991021807889053,55
0,58,$^{2}A_{1}$,-8545.190873639553,0.1477146987994624,4.86489075925572,0.1477146987994624,0.9725388423420505,0.558411811930549,0.29932105078141324,1.3085908252560634,0.0067702121670345245,1.8352412285283553,0.0008855017181616798,1.7919124127561077,0.015730555087681685,-0.3358057150140732,0.00604617724134122,5.487156507002344,0.3161968022153433,0.9138630297553535,0.014023321207461711,2.408157414827663,0.024749631895016062,1.5333325564997513,0.18191873906344752,12.622655129679284,0.32077275559235485,1.0063764089842884,0.02516376093056245,1.7008294437886544,0.003362179624377528,1.6840019880117518,0.16794976496671613,2.172515634359093,0.010018009507973885,1.5076200652492273,0.01921700726482205,2.476665286816624,0.18804370800150755,0.025756232687455246,0.020151067006410155,-0.16676814275650517,0.027293268230246404,0.028815708437478847,0.16061765887733073,56
0,66,$^{2}A_{1}$,-8545.179227552679,0.13970296629640094,4.876536846129687,0.13970296629640094,0.8319918504406978,0.5579974574648322,0.29871639028871844,1.074277223227009,0.007336936728752423,2.16835465956526,0.0022534133912087578,1.7364249899342372,0.01598916460207459,-0.059314313103134855,0.006552482629698198,6.439112995702947,0.4184161061331361,1.2848881894665924,0.01300736405799305,2.516552269119611,0.016107756484706057,1.4361020655265602,0.23407135409594476,12.287348062054427,0.40874694732664824,0.8317353524054777,0.03258578066679219,2.198674892820291,0.012842855450789274,1.5008360086493602,0.2479386051432583,2.1024386897647167,0.008241558044648123,1.581973919859692,0.01741184027910273,1.839640348770605,0.234745210886052,0.22823419744626572,0.008556751460362165,-0.4703601746102354,0.10516168222123808,0.0915567015559022,0.14593088031193954,57
0,41,$^{4}A_{2}$,-8545.144377247358,0.13518521872178285,4.911387151450022,0.13518521872178285,3.391105361732496,0.5584105249865459,-0.2987908139488434,0.9881744596535544,0.006473437242803052,1.582803581786846,0.0011716567492557157,2.381014559328799,0.00998549336768584,-0.6722983963343228,0.004039292901790909,5.314527471906428,0.21276407233069314,0.7562297927350747,0.015079614239980076,1.3424024813259625,0.01754959098933742,0.2778794150989865,0.11284633841170987,12.528088596102416,0.18038722052013434,0.510057713134731,0.016655070213076308,1.815341263632659,0.0028339573618288345,2.1991925503145673,0.10720592847632078,1.7799621257131322,0.014727552357001857,2.588370648938767,0.01676308855105373,2.329613007094129,0.11499138965418697,0.0853678847854217,0.014391916656128087,0.02261539099781086,0.01624256386244513,0.057019772738904725,0.1316626479879895,58
0,63,$^{2}E$,-8545.013247826608,0.12328758187528154,5.0425165721997764,0.12328758187528154,1.2049306638482236,-0.2799410167834089,0.2992636484513334,1.3356299642177467,0.004606548621608634,1.7999021555385106,0.0016630945337263307,1.8269181182794707,0.010146856945082093,-0.3602476593163695,0.004675542022826434,5.825086284646726,0.28220023484294676,1.3651569067569422,0.01581471884560488,1.4658545348558167,0.01957013435464557,1.2748424948779866,0.12547521662788907,12.281676933188397,0.2402726381068461,1.2148995685053183,0.024390848122570186,1.681813074765219,0.0040587692411627125,1.801289880271753,0.15536184929061303,2.10021103703925,0.015749975025881262,2.0269113527038876,0.01928344613705814,2.205190987550276,0.15052099217047177,-0.10991749236762985,0.033389533838479195,-0.17795849701767405,0.05928484706572719,-0.26835659503655,0.16156752255272777,59
0,59,$^{2}E$,-8545.013247826608,0.12328758187528154,5.0425165721997764,0.12328758187528154,0.5907629307721898,-0.2785893965500201,-0.29895902222386644,1.3356299642177467,0.004606548621608634,1.7999021555385106,0.0016630945337263307,1.8269181182794707,0.010146856945082093,-0.3602476593163695,0.004675542022826434,5.825086284646726,0.28220023484294676,1.3651569067569422,0.01581471884560488,1.4658545348558167,0.01957013435464557,1.2748424948779866,0.12547521662788907,12.281676933188397,0.2402726381068461,1.2148995685053183,0.024390848122570186,1.681813074765219,0.0040587692411627125,1.801289880271753,0.15536184929061303,2.10021103703925,0.015749975025881262,2.0269113527038876,0.01928344613705814,2.205190987550276,0.15052099217047177,-0.10991749236762985,0.033389533838479195,-0.17795849701767405,0.05928484706572719,-0.26835659503655,0.16156752255272777,60
0,68,$^{2}E$,-8544.993329832938,0.10688316038538483,5.062434565869734,0.10688316038538483,0.21629890609922242,-0.27608606293186216,-0.29833256343683323,0.8130139700371858,0.005149113831420498,2.010631112243137,0.0018649663143770834,2.122804447350326,0.009211513606703317,-0.6339000998603617,0.0043522892486774255,5.9233108869136375,0.22689535945886816,1.446067066458328,0.05894752146685967,1.9800535753657227,0.027305321231929865,1.3137603202190011,0.13404073381791323,12.24698769293719,0.22399159049018613,0.5370890164992799,0.035898682149125595,2.0686796299950125,0.00851316788123574,2.0574295555205593,0.11747229181508033,1.358087032024689,0.025837054336990125,2.4204771754588394,0.026338333350273094,1.5962743416418683,0.13600211877008203,-0.005300536311535566,0.010835074365997779,-0.25472613446835624,0.02551576602702447,-0.02304450904766942,0.09575824085191861,61
0,65,$^{2}E$,-8544.993329832938,0.10688316038538483,5.062434565869734,0.10688316038538483,1.0289638985015266,-0.2792952991223838,0.29856099398240954,0.8130139700371858,0.005149113831420498,2.010631112243137,0.0018649663143770834,2.122804447350326,0.009211513606703317,-0.6339000998603617,0.0043522892486774255,5.9233108869136375,0.22689535945886816,1.446067066458328,0.05894752146685967,1.9800535753657227,0.027305321231929865,1.3137603202190011,0.13404073381791323,12.24698769293719,0.22399159049018613,0.5370890164992799,0.035898682149125595,2.0686796299950125,0.00851316788123574,2.0574295555205593,0.11747229181508033,1.358087032024689,0.025837054336990125,2.4204771754588394,0.026338333350273094,1.5962743416418683,0.13600211877008203,-0.005300536311535566,0.010835074365997779,-0.25472613446835624,0.02551576602702447,-0.02304450904766942,0.09575824085191861,62
0,53,$^{4}E$,-8544.939280596362,0.12701572425382207,5.116483802446,0.12701572425382207,3.6932827125633096,-0.2803305625301384,-0.2991451541334536,1.1911642599572745,0.006083499246965049,1.532649535664688,0.0021579684576337227,2.2420566656258614,0.009873859414036585,-0.7820079389075829,0.0051459944947278265,5.154671013759392,0.20187496048747047,0.8019607198588647,0.022546289314115727,1.1611493624151512,0.020725377136573676,0.5527315982437018,0.10913001813739122,12.492095706312256,0.1744805518984894,0.9509602026981689,0.02940066791604534,1.3196976489782901,0.005192943802468302,2.046986698833489,0.09701613335517724,1.7540760199066805,0.021717251435202742,2.0015395385166537,0.02074160576006375,2.604316837909943,0.10639176246994282,0.23271860641176462,0.026535688856588063,0.31006003472821775,0.022154088036339347,0.031499809007862256,0.12011258940098905,63
0,54,$^{4}E$,-8544.939280596362,0.12701572425382207,5.116483802446,0.12701572425382207,3.595629589006993,-0.26928734134751253,0.2993104272422587,1.1911642599572745,0.006083499246965049,1.532649535664688,0.0021579684576337227,2.2420566656258614,0.009873859414036585,-0.7820079389075829,0.0051459944947278265,5.154671013759392,0.20187496048747047,0.8019607198588647,0.022546289314115727,1.1611493624151512,0.020725377136573676,0.5527315982437018,0.10913001813739122,12.492095706312256,0.1744805518984894,0.9509602026981689,0.02940066791604534,1.3196976489782901,0.005192943802468302,2.046986698833489,0.09701613335517724,1.7540760199066805,0.021717251435202742,2.0015395385166537,0.02074160576006375,2.604316837909943,0.10639176246994282,0.23271860641176462,0.026535688856588063,0.31006003472821775,0.022154088036339347,0.031499809007862256,0.12011258940098905,64
0,69,$^{2}E$,-8544.931185050573,0.12170976258523188,5.124579348234006,0.12170976258523188,0.5349830002941971,-0.2794162300535984,0.29876584802935635,1.03108170742924,0.005450073658434865,1.8663579746019106,0.0009462694057572701,2.065703375793043,0.010413554082821939,-0.1489650184116419,0.004011025059980574,5.969907084148501,0.32842409161703395,1.6205197810720748,0.04176338684604708,1.8106172125689213,0.01649089978111198,1.2333884805523,0.1966438043492846,12.394721147781569,0.269971584281372,0.8091443447974687,0.024483183492374886,1.8229924567367102,0.006111623530629669,1.9851707324067072,0.12560714388550367,1.7607065142700713,0.052025952719826636,2.10639610711785,0.030212037635182733,2.0004846642810024,0.20126534644163555,-0.2469831583433833,0.06959541678293876,-0.16701018497575276,0.017703960580447636,0.11194264258237031,0.2123400892581651,65
0,62,$^{2}E$,-8544.931185050573,0.12170976258523188,5.124579348234006,0.12170976258523188,1.1602538541841163,-0.2783963009492657,-0.29901493252378747,1.03108170742924,0.005450073658434865,1.8663579746019106,0.0009462694057572701,2.065703375793043,0.010413554082821939,-0.1489650184116419,0.004011025059980574,5.969907084148501,0.32842409161703395,1.6205197810720748,0.04176338684604708,1.8106172125689213,0.01649089978111198,1.2333884805523,0.1966438043492846,12.394721147781569,0.269971584281372,0.8091443447974687,0.024483183492374886,1.8229924567367102,0.006111623530629669,1.9851707324067072,0.12560714388550367,1.7607065142700713,0.052025952719826636,2.10639610711785,0.030212037635182733,2.0004846642810024,0.20126534644163555,-0.2469831583433833,0.06959541678293876,-0.16701018497575276,0.017703960580447636,0.11194264258237031,0.2123400892581651,66
0,55,$^{4}A_{1}$,-8544.893923481426,0.16728762521067508,5.1618409173813005,0.16728762521067508,3.549963800915135,0.5497883262335244,0.2991341140838051,0.9923475726158905,0.007050594810960541,1.6476521651305736,0.0019390036197056316,2.330648198104914,0.013235822211549782,-1.0757348604772092,0.0070483965645436065,5.114232211656319,0.28403038346488113,0.6388032866180998,0.02917522430797117,1.4453026078992086,0.0381462512269199,0.7962291055149215,0.16899500749058172,12.45696972136603,0.26026608796561185,0.5099099813625663,0.021988857453395058,1.361116620407452,0.002777999411672284,2.341028623159839,0.1372251282602895,1.7076985089710632,0.016094861750306066,1.5979570835903023,0.04151446381692713,2.2686296030681525,0.17459078323690558,-0.11873900924798746,0.028515567813338596,0.9959284487807485,0.043414514771759546,-0.10736419249461787,0.1314225993531846,67
0,71,$^{2}E$,-8544.764347974071,0.12696308928280936,5.291416424737411,0.12696308928280936,0.88646532672524,-0.27877119916658155,0.2991727114295148,0.9101037382251247,0.006452096160661311,1.9585770703426362,0.0016255729553707565,2.0839123176698244,0.010245705590532714,-0.6813878376338706,0.004047146131704637,5.507934459965197,0.2624064700062123,1.0588656643227334,0.023644264110253794,2.2231384788706756,0.02532440767428512,1.3365563423278792,0.15290927695720688,12.808371479484485,0.22530934723106866,0.6937501952349707,0.06611623170015439,1.9105384721657497,0.00831791973788004,2.1029806616028943,0.11053017293678352,1.8532907802029601,0.015248578550093449,2.294585244273975,0.03255446542689207,1.4979061580996609,0.1423677486477605,-0.06819430686596777,0.03431957392394136,-0.3127244680014251,0.03478374053673547,-0.19567045711253012,0.1410138822075094,68
0,64,$^{2}E$,-8544.764347974071,0.12696308928280936,5.291416424737411,0.12696308928280936,0.953180842426157,-0.2789888487418489,-0.29923912964213717,0.9101037382251247,0.006452096160661311,1.9585770703426362,0.0016255729553707565,2.0839123176698244,0.010245705590532714,-0.6813878376338706,0.004047146131704637,5.507934459965197,0.2624064700062123,1.0588656643227334,0.023644264110253794,2.2231384788706756,0.02532440767428512,1.3365563423278792,0.15290927695720688,12.808371479484485,0.22530934723106866,0.6937501952349707,0.06611623170015439,1.9105384721657497,0.00831791973788004,2.1029806616028943,0.11053017293678352,1.8532907802029601,0.015248578550093449,2.294585244273975,0.03255446542689207,1.4979061580996609,0.1423677486477605,-0.06819430686596777,0.03431957392394136,-0.3127244680014251,0.03478374053673547,-0.19567045711253012,0.1410138822075094,69
0,60,$^{2}E$,-8544.717716626066,0.10446023884265669,5.33804777274134,0.10446023884265669,0.7053972833025952,-0.2772855933316334,0.2993738709791665,1.1657753992229456,0.005547747344654522,1.8475846206485855,0.0003631836891822862,1.945983356591463,0.010307485209619703,-0.5191169428409326,0.0043313237755994985,5.763454000437458,0.23379353289639332,1.507781368974468,0.017911389312445215,1.714988803854668,0.02717909051393532,1.2288587326977405,0.12477079056495624,12.51065800370596,0.20089699123382798,1.0910436203827691,0.041940118282552896,1.7776859316454745,0.0032004959649457516,1.9285476683874954,0.12106613067161649,1.7751176747471091,0.021112991846955087,2.351444574052956,0.023815507586260592,1.8847335661559235,0.11382347046814516,0.04429143206686479,0.02746401368189576,-0.2141191290809949,0.027378550105531866,-0.3859004743951774,0.13273670174676222,70
0,72,$^{2}E$,-8544.717716626066,0.10446023884265669,5.33804777274134,0.10446023884265669,0.5446270337167753,-0.279738556575812,-0.29894023211574394,1.1657753992229456,0.005547747344654522,1.8475846206485855,0.0003631836891822862,1.945983356591463,0.010307485209619703,-0.5191169428409326,0.0043313237755994985,5.763454000437458,0.23379353289639332,1.507781368974468,0.017911389312445215,1.714988803854668,0.02717909051393532,1.2288587326977405,0.12477079056495624,12.51065800370596,0.20089699123382798,1.0910436203827691,0.041940118282552896,1.7776859316454745,0.0032004959649457516,1.9285476683874954,0.12106613067161649,1.7751176747471091,0.021112991846955087,2.351444574052956,0.023815507586260592,1.8847335661559235,0.11382347046814516,0.04429143206686479,0.02746401368189576,-0.2141191290809949,0.027378550105531866,-0.3859004743951774,0.13273670174676222,71
0,74,$^{2}A_{1}$,-8544.450946231766,0.17642749198151947,5.604818167042818,0.17642749198151947,0.041480261449518,0.5581955672909044,0.2993501271256298,1.2013666939121048,0.006878903637181549,2.4374435055984955,0.002125935238183715,1.3275568170366931,0.01552704282947401,0.025233955145860014,0.006953861802792573,6.968009275932798,0.4828714665887515,0.8841623994960321,0.029754183926686335,1.8974766099089972,0.019141569093519904,1.9011073079514986,0.3429958553143747,13.180876870914055,0.38069782995065293,1.0765853630825766,0.10706527866593533,2.6835303976507605,0.006766833629445068,1.2123429402180332,0.17545105062514874,2.837796205505989,0.040014232592682636,1.8000232175599362,0.015158722611479814,1.675131159121984,0.2838258367595284,0.013286978669234189,0.034196477464422594,-0.27871777598803943,0.018583242107820756,-0.449597835719904,0.2568727466202867,72
0,70,$^{2}A_{2}$,-8544.421619804752,0.15077794012548146,5.63414459405487,0.15077794012548146,1.248298725344796,0.558548118877972,-0.29908451582637186,0.9026017730358245,0.007924530166313604,1.9285919914334029,0.001151939105222268,2.1261113465880093,0.01336383775739709,-0.7549231808356189,0.003946306095510253,6.031565751387124,0.9844018257101156,0.9684512199458893,0.032286396323571755,1.735194210627169,0.02898943214302592,1.0759343490943787,0.5670577170690514,12.10611597398664,0.7382178427580588,0.7362085419752868,0.04430743717990213,1.7565984188015347,0.027548663534681616,2.102243636954367,0.39346059444635484,1.7978065222353352,0.03419775948747744,2.356915458729107,0.0348099174572792,1.618104354104485,0.5632416441349091,-0.12239738094808894,0.44066963226680955,0.01930750056682677,0.2502202765101148,-0.37772066998979276,0.5755419438359495,73
0,73,$^{2}A_{2}$,-8544.300236891615,0.1578672075627681,5.755527507193532,0.1578672075627681,1.5319403301747485,0.5583747044595586,-0.29860251026879603,0.97343502921707,0.009758207705326843,1.2701499689088336,0.0022427692550670364,2.7184171638649817,0.014041143024559848,-0.4122145157795048,0.005240744277062386,5.797232811608685,0.3581610811164498,0.9767614623141649,0.01841554328596971,1.1292912009261142,0.035234683727632075,0.9609302067597076,0.1427815262368019,11.817278497989575,0.3241942467830552,0.5583034884667891,0.019487856038579814,0.8481463422930328,0.023392183642688802,2.9472677177208704,0.24248761196413232,1.2290035552931604,0.02570573371572086,2.4861109373247245,0.046734750653011234,2.567821386699978,0.15733176254119324,0.023029118290989165,0.04410245930504683,0.09161384926300259,0.022158208731335432,-0.1358137555999781,0.15208767319952438,74
0,78,$^{2}E$,-8543.853664057911,0.11832684365234905,6.202100340897093,0.11832684365234905,0.7610396378384365,-0.2802582901828058,0.299189531037844,1.033116680744568,0.005965113869271123,1.7099628545873409,0.0013462878528251571,2.2071651183357215,0.010338682661115258,-0.07538415175912405,0.004380436598327917,7.7231388411441,0.35062115074067857,1.1816524294522157,0.017938601411392974,2.105401443271493,0.02003340662271538,1.3889824508927497,0.1685075366460255,12.232044197775618,0.26820787488726827,0.9538970280410486,0.08175727643200054,1.6147927019676138,0.004598291837733278,2.230125566970203,0.1289346498948567,1.206471272934965,0.016218636565323585,2.116466528281611,0.016777264314243947,2.1022866025957487,0.19806197675818804,0.2905194761967821,0.053049670129052574,0.12217094797406763,0.020120436520922866,0.20074894318432257,0.25873660108082114,75
0,79,$^{2}E$,-8543.853664057911,0.11832684365234905,6.202100340897093,0.11832684365234905,0.9946094678566837,-0.27731551175180896,-0.2991579738352966,1.033116680744568,0.005965113869271123,1.7099628545873409,0.0013462878528251571,2.2071651183357215,0.010338682661115258,-0.07538415175912405,0.004380436598327917,7.7231388411441,0.35062115074067857,1.1816524294522157,0.017938601411392974,2.105401443271493,0.02003340662271538,1.3889824508927497,0.1685075366460255,12.232044197775618,0.26820787488726827,0.9538970280410486,0.08175727643200054,1.6147927019676138,0.004598291837733278,2.230125566970203,0.1289346498948567,1.206471272934965,0.016218636565323585,2.116466528281611,0.016777264314243947,2.1022866025957487,0.19806197675818804,0.2905194761967821,0.053049670129052574,0.12217094797406763,0.020120436520922866,0.20074894318432257,0.25873660108082114,76
0,80,$^{2}A_{1}$,-8543.634624450366,0.1854042917020172,6.421139948441684,0.1854042917020172,0.5498004883118277,0.5582444090755923,0.29878205844093964,0.7039894492931491,0.010571827264312727,1.887484832456421,0.0011547919202879765,2.3561024966885658,0.013036637775044239,-0.43278882266854923,0.004403683966011974,8.220103550775505,0.31377831362584313,0.8790690704909414,0.0071769590763135745,1.5138666460312002,0.025961646947019853,1.5493837155036294,0.19394072890739342,12.612951861840662,0.26615104775254694,0.7312738425829206,0.06893708769831981,1.9443850447359226,0.005730322069444914,2.5058928115670414,0.14329149141071143,1.3851527563893098,0.01044834606006537,2.8084306731159168,0.027278692659293426,0.9417710307599783,0.1736940960959003,-0.01167728468340727,0.019676163461046534,0.03195268045411271,0.020200224270020602,1.0220909838903736,0.1689126087111908,77
0,75,$^{2}E$,-8543.523558305023,0.13940117973718608,6.532206093785405,0.13940117973718608,1.06843754457676,-0.27850337323504626,-0.2994695195491968,1.3561134389315,0.004602299667615507,1.369595303356122,0.001733833698575705,2.236934490184571,0.010794316441943267,-1.1239317384340108,0.005469507392812153,6.480884282216383,0.2181741614726423,1.2207764761755988,0.02501974087547545,1.885878602196621,0.01874375974727353,1.2112813010380905,0.10830477126888606,12.369265596225269,0.17833203111852527,1.2400248990445573,0.04145447773145853,1.2080335706729846,0.00680034235035264,2.349980950939689,0.10664631742207951,1.67327878585537,0.013432792950820697,1.716222154413403,0.024399682956384717,2.7914329073621174,0.10881805764201705,-0.23198755775268975,0.031326943430229265,0.137198135952576,0.019383146879258368,-0.1633843407591683,0.1329784186923007,78
0,82,$^{2}E$,-8543.523558305023,0.13940117973718608,6.532206093785405,0.13940117973718608,0.8441489137982003,-0.2804663063898394,0.29894572298624866,1.3561134389315,0.004602299667615507,1.369595303356122,0.001733833698575705,2.236934490184571,0.010794316441943267,-1.1239317384340108,0.005469507392812153,6.480884282216383,0.2181741614726423,1.2207764761755988,0.02501974087547545,1.885878602196621,0.01874375974727353,1.2112813010380905,0.10830477126888606,12.369265596225269,0.17833203111852527,1.2400248990445573,0.04145447773145853,1.2080335706729846,0.00680034235035264,2.349980950939689,0.10664631742207951,1.67327878585537,0.013432792950820697,1.716222154413403,0.024399682956384717,2.7914329073621174,0.10881805764201705,-0.23198755775268975,0.031326943430229265,0.137198135952576,0.019383146879258368,-0.1633843407591683,0.1329784186923007,79
0,81,$^{2}E$,-8543.447268513735,0.12438026825022987,6.60849588507278,0.12438026825022987,0.637831521272652,-0.28033156593675723,-0.2993606916770621,1.3567961615795476,0.005941629226100989,1.3690325814311008,0.0016687279632350027,2.2350567252216624,0.011126789044115612,-1.1124099861253702,0.006705590422259646,6.91282848290173,0.29704315021891375,1.3834034349305273,0.029297105062374658,1.8729550136884348,0.01997261714118341,1.3511629759817132,0.12776125609659084,12.599334256408303,0.19268548178906228,1.221203862507279,0.023419340987126534,1.3154072302094058,0.007145283284061758,2.3194376591478045,0.11777577080004253,1.5474093921744783,0.0281372190110317,1.8349823747981562,0.02220301359942763,2.8890542153191165,0.11953750621826459,0.1789563850216076,0.13399318899030194,0.050113570863292364,0.03763311821354903,0.17586672877253864,0.23125936062866784,80
0,76,$^{2}E$,-8543.447268513735,0.12438026825022987,6.60849588507278,0.12438026825022987,0.4683810846946841,-0.2799267522929302,0.29806199050519394,1.3567961615795476,0.005941629226100989,1.3690325814311008,0.0016687279632350027,2.2350567252216624,0.011126789044115612,-1.1124099861253702,0.006705590422259646,6.91282848290173,0.29704315021891375,1.3834034349305273,0.029297105062374658,1.8729550136884348,0.01997261714118341,1.3511629759817132,0.12776125609659084,12.599334256408303,0.19268548178906228,1.221203862507279,0.023419340987126534,1.3154072302094058,0.007145283284061758,2.3194376591478045,0.11777577080004253,1.5474093921744783,0.0281372190110317,1.8349823747981562,0.02220301359942763,2.8890542153191165,0.11953750621826459,0.1789563850216076,0.13399318899030194,0.050113570863292364,0.03763311821354903,0.17586672877253864,0.23125936062866784,81
0,77,$^{2}A_{1}$,-8543.330961130736,0.1643536484680584,6.724803268072986,0.1643536484680584,0.7401811903558944,0.5579581922028486,0.29891886979354443,0.978106375946097,0.0074638400841279635,1.5344477058029644,0.0026094001786954686,2.431340365290565,0.016251621249522313,-1.98912312590267,0.009147118599796115,5.67797367339077,0.30783217533015256,1.2045541393010035,0.014145085856632522,3.7503548860517206,0.029282472253452416,0.7796056389299502,0.1499430695179692,12.52549149780818,0.2681967943117961,0.524974497132907,0.039071532944208114,1.3698737779549393,0.00804455663072935,2.472984684385409,0.11710053500620701,1.5644114514645668,0.004046825812801479,1.4630916176163427,0.027684376687187675,2.491267788751437,0.21094678598741343,-0.06775992036942749,0.03734767565871953,0.4761395801577199,0.04454148296979622,0.04017607277515558,0.21149474017958175,82
0,84,$^{2}E$,-8543.178547031375,0.10710516021811745,6.877217367431903,0.10710516021811745,0.5524074685443914,-0.2788427236270435,0.29934586881503283,1.0168013964914768,0.005499238408516143,1.9722092339051625,0.0016003898557401064,1.99172997292772,0.010450738679242452,-0.39234145123172903,0.004731109672409931,8.34044789185749,0.27890440549650025,1.252758201540045,0.01574691675279547,1.8750180416916375,0.0236708684304504,1.417117186982138,0.13632556175343355,12.114636898546891,0.23923547675747242,0.7425902116929282,0.04353915040128556,2.137729544574566,0.012807917849076455,2.1356449556922343,0.1403146969235891,1.8193858861618677,0.01233578186477257,1.8654794072131242,0.019748751633043776,1.3330589723782804,0.15169590936030306,-0.40153399858833216,0.02332011096448392,0.38118979453038415,0.03701018404721021,0.18034807777757395,0.1715874213468611,83
0,83,$^{2}E$,-8543.178547031375,0.10710516021811745,6.877217367431903,0.10710516021811745,1.1865496839517178,-0.2787755513629899,-0.29869424515971144,1.0168013964914768,0.005499238408516143,1.9722092339051625,0.0016003898557401064,1.99172997292772,0.010450738679242452,-0.39234145123172903,0.004731109672409931,8.34044789185749,0.27890440549650025,1.252758201540045,0.01574691675279547,1.8750180416916375,0.0236708684304504,1.417117186982138,0.13632556175343355,12.114636898546891,0.23923547675747242,0.7425902116929282,0.04353915040128556,2.137729544574566,0.012807917849076455,2.1356449556922343,0.1403146969235891,1.8193858861618677,0.01233578186477257,1.8654794072131242,0.019748751633043776,1.3330589723782804,0.15169590936030306,-0.40153399858833216,0.02332011096448392,0.38118979453038415,0.03701018404721021,0.18034807777757395,0.1715874213468611,84
0,86,$^{2}A_{2}$,-8542.978934151774,0.1685200102015466,7.076830247033751,0.1685200102015466,0.19860882293082938,0.5584517811421834,-0.2992791002351024,1.1338526226749261,0.008499414569264866,1.5911075633131917,0.002471173066772591,2.265014064463598,0.013180421636260188,-0.16912801212242584,0.0060527825597270195,8.502902319328005,0.4986250042472742,1.7690577387000774,0.010223893735885902,1.3267231712932555,0.028547996406390073,1.9279504704386488,0.2958943949701485,12.99843921437704,0.3891563756762054,0.7153162532664131,0.05530793040270597,1.6218639030194373,0.019575272379529465,2.3477356043565134,0.18236562781633045,1.8940213884630486,0.01647313467837836,2.6413219417888234,0.031742808949437706,2.4610467025334906,0.3076766878314162,0.10554169002830173,0.07372869154095255,0.05058542514151352,0.045455730352539,0.12225252304347252,0.3379946107718916,85
0,91,$^{2}A_{1}$,-8542.866508500465,0.1399099863787376,7.189255898343292,0.1399099863787376,1.1493429511269717,0.5578120342564388,0.2989655187790324,1.0563458827477419,0.009560189624084696,1.8159117117091599,0.0008903884436670045,2.0812838929653408,0.013990573055210207,-0.8310266451773758,0.0047395051915945586,7.889093027759784,1.3838556897678342,0.34675762310273517,0.44526840238160104,2.4810789146221106,0.4006370163736193,0.840456140149229,0.767679099016317,12.559827484493209,0.8886727893594752,0.4406391293499741,0.11326625009378362,2.905486211727498,0.07469917839081013,2.4821815093598243,0.5907709637615978,1.5627774873446614,0.026550078905003688,0.6056923075499047,0.06753848611298062,1.9295626182198222,0.5216320544889805,-0.9311627195417111,0.3250588226496227,-0.46885732502621547,0.26312039025543893,0.5798972166077374,0.8539029797815244,86
0,88,$^{2}E$,-8542.828756474235,0.11652199550314143,7.227007924572749,0.11652199550314143,0.764505307274824,-0.2787245742746934,0.29843114566959544,1.0588441124865062,0.005256127465197619,1.8773645572073683,0.0008848805055145195,2.026149136835425,0.009849636920524407,-0.31344265914174546,0.0038341893381421592,7.745508993453737,0.5318984658230875,1.3923796489693037,0.060656774869050356,1.70548327603923,0.025386210671280243,1.0463570810696623,0.20312084433490696,12.073963434113693,0.3597206516361233,0.575549411121414,0.15839694746606162,2.009417346341321,0.004187112589116352,2.0790505075963917,0.21100711689992127,1.9048128265466764,0.020628783098118025,2.275396050193046,0.02074740779032025,1.6654131145943234,0.17795428720201314,0.17832932432942233,0.09876536644685695,0.08291063517563393,0.03818353518990404,0.09257638204916967,0.42441172197813803,87
0,89,$^{2}E$,-8542.828756474235,0.11652199550314143,7.227007924572749,0.11652199550314143,1.6636633891315338,-0.2813189519656346,-0.298868253470124,1.0588441124865062,0.005256127465197619,1.8773645572073683,0.0008848805055145195,2.026149136835425,0.009849636920524407,-0.31344265914174546,0.0038341893381421592,7.745508993453737,0.5318984658230875,1.3923796489693037,0.060656774869050356,1.70548327603923,0.025386210671280243,1.0463570810696623,0.20312084433490696,12.073963434113693,0.3597206516361233,0.575549411121414,0.15839694746606162,2.009417346341321,0.004187112589116352,2.0790505075963917,0.21100711689992127,1.9048128265466764,0.020628783098118025,2.275396050193046,0.02074740779032025,1.6654131145943234,0.17795428720201314,0.17832932432942233,0.09876536644685695,0.08291063517563393,0.03818353518990404,0.09257638204916967,0.42441172197813803,88
0,87,$^{2}E$,-8542.716196585945,0.10734718960859246,7.339567812861942,0.10734718960859246,0.2236687238322368,-0.2806560114286639,-0.2989409067727522,1.0591739412687655,0.005472745594695553,1.8776920105319996,0.001061876533111398,2.023991065187597,0.009373286864085341,-0.2948154328096846,0.004083970086127244,8.47192831050248,0.7618716542299347,1.3101183762975008,0.3570940873404644,1.8430537651886392,0.07917069122973172,1.4743485593456873,0.4594681729809079,12.439606877004135,0.6473527139511518,1.0101840880835924,0.09693001426574145,2.0403933646229646,0.08095308666111282,2.0550081766761537,0.2797974741964908,2.0332302843507915,0.3507777743631376,2.37984089750917,0.07926871441099932,1.4107645677643854,0.4342173987896149,-0.23348527794125812,0.049700515603186265,0.1845676380439431,0.2028218405665681,0.21578468633989106,0.25422784892637784,89
0,90,$^{2}E$,-8542.716196585945,0.10734718960859246,7.339567812861942,0.10734718960859246,0.28551505663811483,-0.2803877021611228,0.2987914955447809,1.0591739412687655,0.005472745594695553,1.8776920105319996,0.001061876533111398,2.023991065187597,0.009373286864085341,-0.2948154328096846,0.004083970086127244,8.47192831050248,0.7618716542299347,1.3101183762975008,0.3570940873404644,1.8430537651886392,0.07917069122973172,1.4743485593456873,0.4594681729809079,12.439606877004135,0.6473527139511518,1.0101840880835924,0.09693001426574145,2.0403933646229646,0.08095308666111282,2.0550081766761537,0.2797974741964908,2.0332302843507915,0.3507777743631376,2.37984089750917,0.07926871441099932,1.4107645677643854,0.4342173987896149,-0.23348527794125812,0.049700515603186265,0.1845676380439431,0.2028218405665681,0.21578468633989106,0.25422784892637784,90
0,85,$^{2}A_{1}$,-8542.665839524441,0.15112908814468992,7.3899248743661525,0.15112908814468992,1.6506401570982057,0.5587564744624192,0.2991799063513017,1.1196445275211147,0.010040090548878874,1.6472475494162215,0.002833156186943771,2.174090583660897,0.015556526009280954,-0.8230893013137759,0.010085801768486868,7.630957374903515,0.5395889702359824,1.3762581468727557,0.02554675940953459,1.1255908040871778,0.21918085606195142,1.458452266831582,0.2881267549418028,12.747527271515487,0.48002489654916514,0.7780320707058221,0.022281306506022336,1.2606841594745029,0.05175321723831571,2.333080579583802,0.2935944345808366,1.704507350898067,0.011482865499009294,1.7937575257034983,0.03171624824844959,2.60412284546533,0.28820053546741586,0.03058461026773207,0.03849953432433488,1.3053294249950733,0.10470031581885045,-0.06213629786820973,0.17258614848133225,91
0,94,$^{2}A_{2}$,-8541.807643943925,0.17136547217706236,8.248120454883669,0.17136547217706236,0.6254059907821237,0.5578769931494325,-0.2990496802204705,0.9905288867597051,0.006288108596203656,1.988600638257654,0.0014703428293325177,1.993373005335386,0.013616446395553015,-0.15986551090289478,0.00568368659311741,9.993920199921334,0.4555313813013096,1.3945646995035186,0.03513451820039978,1.195587305872714,0.019785567206022318,2.001657848753444,0.3144042007501218,12.667571521336512,0.36134527895868856,0.7319502162771718,0.055889764759808225,2.367531532246323,0.006296578176662732,1.6683984993089283,0.21835957018761243,1.981365725622068,0.040089703900683255,2.789017788290924,0.02292303351700141,1.4105707394803004,0.2130084560681412,0.012695040843295985,0.04089057455309562,0.0762211283077184,0.04006075722809784,0.30027820938745675,0.22931588972214745,92
0,93,$^{2}E$,-8541.785946510077,0.12708709958368036,8.269817888731264,0.12708709958368036,0.626776579344174,-0.2795334627012107,-0.29962217857704115,1.378304012299267,0.004913864987860692,2.1938443393962164,0.0010306958933082382,1.4130625373207706,0.009690253911974653,-0.10545885154866617,0.003424197003065227,10.30428896789147,0.2180578839057871,0.7719449684328136,0.02012233241490703,2.15338741407116,0.012652451074284969,1.5480873530041603,0.11171813972681398,12.465858646378212,0.18517112697634,1.1933048855092947,0.020748613347635732,2.2589256553826593,0.0031512954416420586,1.54370838607589,0.11524706043438811,3.211314284257397,0.0152994168780535,1.2168009281138197,0.012703966032614896,1.2661405752232313,0.09668030002232703,-0.011222362145620446,0.010099728204041244,0.40001409120735953,0.013669268963587958,0.040593198324986576,0.13846496732438823,93
0,92,$^{2}E$,-8541.785946510077,0.12708709958368036,8.269817888731264,0.12708709958368036,1.149628529881106,-0.2774284449203263,0.2993251489712947,1.378304012299267,0.004913864987860692,2.1938443393962164,0.0010306958933082382,1.4130625373207706,0.009690253911974653,-0.10545885154866617,0.003424197003065227,10.30428896789147,0.2180578839057871,0.7719449684328136,0.02012233241490703,2.15338741407116,0.012652451074284969,1.5480873530041603,0.11171813972681398,12.465858646378212,0.18517112697634,1.1933048855092947,0.020748613347635732,2.2589256553826593,0.0031512954416420586,1.54370838607589,0.11524706043438811,3.211314284257397,0.0152994168780535,1.2168009281138197,0.012703966032614896,1.2661405752232313,0.09668030002232703,-0.011222362145620446,0.010099728204041244,0.40001409120735953,0.013669268963587958,0.040593198324986576,0.13846496732438823,94
0,95,$^{2}E$,-8540.707488561126,0.12389318002459215,9.348275837683595,0.12389318002459215,0.8318974661326912,-0.27805377039078544,-0.2984903488630085,0.7882433633563937,0.00584168455920778,1.643392474832078,0.0016033568402073306,2.5248837314798487,0.00939898287026771,-0.4811785187928584,0.004364188148148228,11.001665903148044,0.3250995661176886,0.9054623615836181,0.03137875018667401,1.6112745171424887,0.02386649508081362,1.5572545875020811,0.11610904823002818,12.653120649408454,0.20295462355102345,0.7914661493168331,0.043198182244815794,1.783627473679604,0.008034292431975933,2.946191201420243,0.11259075554232856,1.2943423754161718,0.030301695998956765,2.4772070903554892,0.022520571107515677,1.239048323939811,0.13160564180300052,0.7370718179859916,0.1691429566776988,0.5628582923311184,0.03420147214750444,0.8832959136037422,0.27161347340328706,95
0,97,$^{2}E$,-8540.707488561126,0.12389318002459215,9.348275837683595,0.12389318002459215,0.6668000401053966,-0.2785492599268673,0.29879757453352673,0.7882433633563937,0.00584168455920778,1.643392474832078,0.0016033568402073306,2.5248837314798487,0.00939898287026771,-0.4811785187928584,0.004364188148148228,11.001665903148044,0.3250995661176886,0.9054623615836181,0.03137875018667401,1.6112745171424887,0.02386649508081362,1.5572545875020811,0.11610904823002818,12.653120649408454,0.20295462355102345,0.7914661493168331,0.043198182244815794,1.783627473679604,0.008034292431975933,2.946191201420243,0.11259075554232856,1.2943423754161718,0.030301695998956765,2.4772070903554892,0.022520571107515677,1.239048323939811,0.13160564180300052,0.7370718179859916,0.1691429566776988,0.5628582923311184,0.03420147214750444,0.8832959136037422,0.27161347340328706,96
0,98,$^{2}E$,-8540.456695549043,0.11422535385754366,9.599068849765251,0.11422535385754366,0.7875547749406913,-0.27923975917323207,-0.29876059366938784,0.7810709443750106,0.007092695454309014,1.6556037043587646,0.001177726067340788,2.5047443557921216,0.010464075937253172,-0.48782194346578195,0.0043892337418057065,10.82918055968329,0.2518728491743134,0.9348755440964571,0.019329133185968718,1.671723517702839,0.02287872260192257,1.4365632510421051,0.1443346781536951,12.373159617168199,0.207218710637283,0.7363768544177729,0.06373682958697811,1.833737253846764,0.0056864203936247,2.8776614353121213,0.10718997510176866,1.347474152686086,0.02262817689180301,2.343183036170553,0.019686522845888437,1.1689651616103798,0.1430233989124556,0.5703499931592687,0.017253576949260982,0.4857040542232033,0.018679121488108633,0.8686184929547911,0.14769972128773817,97
0,96,$^{2}E$,-8540.456695549043,0.11422535385754366,9.599068849765251,0.11422535385754366,1.083735138866281,-0.2769937571050251,0.2988322768278104,0.7810709443750106,0.007092695454309014,1.6556037043587646,0.001177726067340788,2.5047443557921216,0.010464075937253172,-0.48782194346578195,0.0043892337418057065,10.82918055968329,0.2518728491743134,0.9348755440964571,0.019329133185968718,1.671723517702839,0.02287872260192257,1.4365632510421051,0.1443346781536951,12.373159617168199,0.207218710637283,0.7363768544177729,0.06373682958697811,1.833737253846764,0.0056864203936247,2.8776614353121213,0.10718997510176866,1.347474152686086,0.02262817689180301,2.343183036170553,0.019686522845888437,1.1689651616103798,0.1430233989124556,0.5703499931592687,0.017253576949260982,0.4857040542232033,0.018679121488108633,0.8686184929547911,0.14769972128773817,98
0,99,$^{2}A_{1}$,-8540.253102178616,0.15713849468159222,9.802662220190992,0.15713849468159222,0.2958953211882154,0.5577683939177331,0.29849326990914243,0.9899961376952585,0.007459479149705004,1.3069938269819361,0.0011980316164218914,2.664572853887015,0.014608573361068274,-0.4956101454176447,0.006478267042075368,11.6518567288857,0.6418522083595882,0.9508436640014137,0.03204340392894883,2.1575940743539426,0.026220389939907007,1.3511030718738266,0.4142608323045159,12.627984485170076,0.5565957319124224,0.4925363980091162,0.025100554909795257,1.7721955232447844,0.01917702095439989,3.4336616394733066,0.33146382713432543,1.4211360784841138,0.027299357580508075,1.5165299560294336,0.025131025456098608,2.0924812390575456,0.4322781305161461,0.016750184283983366,0.01489517583667193,1.7178165079776384,0.0950432585992042,0.02381068176852054,0.17713459968576573,99
